bloque,producto_planilla,producto_nombre_planilla,fila,insumo_codigo,insumo_nombre_planilla,cantidad
D249,101PF,MONOMERO 100ml. FAB,250,101ENVA,SEVILLA x 100ml. BLANCO NUEVO,1
J249,101,MONOMERO 100ml. VIEJO,250,101ENV,ENVASE,1
Y249,101PF1,MONOMERO 100ml. FAB,250,101ENVA,SEVILLA x 100ml. BLANCO NUEVO,1
AF249,101,MONOMERO 100ml. NUEVO,250,101ENVA,SEVILLA x 100ml. BLANCO NUEVO,1
D249,101PF,MONOMERO 100ml. FAB,251,101ET,MONOMERO DE 100ml.,1
J249,101,MONOMERO 100ml. VIEJO,251,101ET,ETIQUETA QUILMES,1
Y249,101PF1,MONOMERO 100ml. FAB,251,101ET,MONOMERO DE 100ml.,1
AF249,101,MONOMERO 100ml. NUEVO,251,101ET,ETIQUETA QUILMES,1
D249,101PF,MONOMERO 100ml. FAB,252,101TAPACIEGA,TAPA CIEGA NEGRA 20/410,1
J249,101,MONOMERO 100ml. VIEJO,252,101TAP,TAPA,1
Y249,101PF1,MONOMERO 100ml. FAB,252,101TAPA,TAPA FLIP TOP 20/410 NEGRA,1
AF249,101,MONOMERO 100ml. NUEVO,252,101TAPA,TAPA FLIP TOP 20/410 NEGRA,1
D249,101PF,MONOMERO 100ml. FAB,253,101ESE,ESENCIA PARA MONOMERO,2E-3
J249,101,MONOMERO 100ml. VIEJO,253,101ESE,ESENCIA,2E-3
Y249,101PF1,MONOMERO 100ml. FAB,253,101ESE,ESENCIA PARA MONOMERO,2E-3
AF249,101,MONOMERO 100ml. NUEVO,253,101ESE,ESENCIA PARA MONOMERO,2E-3
D249,101PF,MONOMERO 100ml. FAB,254,101MONO,LIQ. ACRILICO TACHO x 200 lts.,0.1
J249,101,MONOMERO 100ml. VIEJO,254,101MO,MONOMERO+MO,1
Y249,101PF1,MONOMERO 100ml. FAB,254,101MONO,LIQ. ACRILICO TACHO x 200 lts.,0.1
AF249,101,MONOMERO 100ml. NUEVO,254,101MO,LIQ. ACRILICO + MANO DE OBRA,1
D257,102PF,MONOMERO 250ml. FAB,258,104ENV,SEVILLA x 250ml. BLANCO,1
J257,102,MONOMERO 250ml. VIEJO,258,0,ENVASE,1
AF257,102,MONOMERO 250ml. NUEVO,258,104ENV,ENVASE,1
D257,102PF,MONOMERO 250ml. FAB,259,102ET,ETIQUETA MONOMERO DE 250ml.,1
J257,102,MONOMERO 250ml. VIEJO,259,45644,ETIQUETA QUILMES,1
AF257,102,MONOMERO 250ml. NUEVO,259,102ET,ETIQUETA,1
D257,102PF,MONOMERO 250ml. FAB,260,104TAP,TAPA FLIT TOP 24/410 NEGRA,1
J257,102,MONOMERO 250ml. VIEJO,260,101TAP,TAPA,1
AF257,102,MONOMERO 250ml. NUEVO,260,104TAP,TAPA,1
D257,102PF,MONOMERO 250ml. FAB,261,101ESE,ESENCIA PARA MONOMERO,5.0000000000000001E-3
J257,102,MONOMERO 250ml. VIEJO,261,101ESE,ESENCIA,5.0000000000000001E-3
AF257,102,MONOMERO 250ml. NUEVO,261,101ESE,ESENCIA,5.0000000000000001E-3
D257,102PF,MONOMERO 250ml. FAB,262,101MONO,LIQ. ACRILICO TACHO x 200 lts.,0.25
J257,102,MONOMERO 250ml. VIEJO,262,45660,MONOMERO+MO,1
AF257,102,MONOMERO 250ml. NUEVO,262,102MO,MONOMERO+MO,1
D265,103PF,MONOMERO 500ml. FAB,266,103ENVA,ENVASE,1
AF265,103,MONOMERO 500ml. NUEVO,266,103ENVA,ENVASE,1
D265,103PF,MONOMERO 500ml. FAB,267,103ET,ETIQUETA,1
AF265,103,MONOMERO 500ml. NUEVO,267,103ET,ETIQUETA,1
D265,103PF,MONOMERO 500ml. FAB,268,320TAPA,TAPA,1
AF265,103,MONOMERO 500ml. NUEVO,268,103TAP,TAPA,1
D265,103PF,MONOMERO 500ml. FAB,269,101ESE,ESENCIA,0.01
AF265,103,MONOMERO 500ml. NUEVO,269,101ESE,ESENCIA,0.01
D265,103PF,MONOMERO 500ml. FAB,270,101MONO,LIQ. ACRILICO TACHO x 200 lts.,0.5
AF265,103,MONOMERO 500ml. NUEVO,270,103MO,MONOMERO+MO,1
D273,104,M. PREMIUN 250ml.,274,104ENV,ENVASE,1
D273,104,M. PREMIUN 250ml.,275,104ET,ETIQUETA,1
D273,104,M. PREMIUN 250ml.,276,104TAP,TAPA,1
D273,104,M. PREMIUN 250ml.,277,080ETL,ETIQUETA LOTE,1
D273,104,M. PREMIUN 250ml.,278,104MO,M. PREMIUN,0.25
D281,105,PRIMER 8ml.,282,105ENV,ENVASE,1
J281,387,PRIMER ACIDO 8ml.,282,387ENV,ENVASE CUADRADO TRANSP+PINTURA MATE,1
R281,201,ESMALTE TRADICIONAL,282,105ENV,ENVASE,1
D281,105,PRIMER 8ml.,283,105TAP,TAPA,1
J281,387,PRIMER ACIDO 8ml.,283,105TAP,TAPA,1
R281,201,ESMALTE TRADICIONAL,283,105TAP,TAPA,1
D281,105,PRIMER 8ml.,284,105PIN,PINCEL,1
J281,387,PRIMER ACIDO 8ml.,284,387PIN,PINCEL LARGO PELO CORTO,1
R281,201,ESMALTE TRADICIONAL,284,105PIN,PINCEL,1
D281,105,PRIMER 8ml.,285,,ETIQUETA LOTE,1
J281,387,PRIMER ACIDO 8ml.,285,,ETIQUETA LOTE,1
R281,201,ESMALTE TRADICIONAL,285,,ETIQUETA LOTE,1
D281,105,PRIMER 8ml.,286,105ET,ETIQUETA,1
J281,387,PRIMER ACIDO 8ml.,286,387ET,ETIQUETA FRENTE PRIMER ACIDO,1
R281,201,ESMALTE TRADICIONAL,286,0,ETIQUETA,1
D281,105,PRIMER 8ml.,287,105MO,LIQ + MO,8.0000000000000002E-3
J281,387,PRIMER ACIDO 8ml.,287,387ETD,ETIQUETA DORSO PRIMER ACIDO,1
R281,201,ESMALTE TRADICIONAL,287,201MO,PINTURA + MO,8.0000000000000002E-3
J281,387,PRIMER ACIDO 8ml.,288,387MO,PRIMER ACIDO + MO,8.0000000000000002E-3
D291,DUO01,PRIMER LOW ACID + PREP,292,105,PRIMER 8ml.,1
J291,DUO02,PRIMER ACID + PREP,292,387,PRIMER ACIDO 8ml.,1
D291,DUO01,PRIMER LOW ACID + PREP,293,377,NAIL PREP 8ml. (Solo Envasado),1
J291,DUO02,PRIMER ACID + PREP,293,377,NAIL PREP 8ml. (Solo Envasado),1
D291,DUO01,PRIMER LOW ACID + PREP,294,105BOL,BOLSITA PARA DUO,1
J291,DUO02,PRIMER ACID + PREP,294,105BOL,BOLSITA PARA DUO,1
D322,106,BONDER 10ml.,323,105ENV,ENVASE,1
D322,106,BONDER 10ml.,324,106ET,ETIQUETA,1
D322,106,BONDER 10ml.,325,105TAP,TAPA,1
D322,106,BONDER 10ml.,326,105PIN,PINCEL,1
D322,106,BONDER 10ml.,327,080ETL,ETIQUETA LOTE,1
D322,106,BONDER 10ml.,328,106LIQ,BONDER,8.0000000000000002E-3
R435,FORMULA,SANITIZANTE 200ml.,436,391ENV,,1
Y435,FORMULA,SANITIZANTE 125ml.,436,392ENV,ENVASE LISBOA 125ml. CRISTAL,1
R435,FORMULA,SANITIZANTE 200ml.,437,135GAT,GATILLOS VAPORIZADORES,1
Y435,FORMULA,SANITIZANTE 125ml.,437,391BOM,BOMBA SPRAY ROSA 24/410,1
R435,FORMULA,SANITIZANTE 200ml.,438,391ET,ETIQUETA FRENTE SANITIZANTE AMOR 200ML,1
Y435,FORMULA,SANITIZANTE 125ml.,438,392ET,ETIQUETA FRENTE SANITIZANTE AMOR 125ML,1
R435,FORMULA,SANITIZANTE 200ml.,439,391ETD,ETIQUETA DORSO SANITIZANTE AMOR 200ML,1
Y435,FORMULA,SANITIZANTE 125ml.,439,392ETD,ETIQUETA DORSO SANITIZANTE AMOR 125ML,1
R435,FORMULA,SANITIZANTE 200ml.,440,138CL1,CLEANSER ALCOHOL DE CEREAL,146.5
Y435,FORMULA,SANITIZANTE 125ml.,440,138CL1,CLEANSER ALCOHOL DE CEREAL,87.5
R435,FORMULA,SANITIZANTE 200ml.,441,135AGUA,AGUA DESIONIZADA,50
Y435,FORMULA,SANITIZANTE 125ml.,441,135AGUA,AGUA DESIONIZADA,31.25
R435,FORMULA,SANITIZANTE 200ml.,442,135GLI,,1.3
Y435,FORMULA,SANITIZANTE 125ml.,442,135GLI,,0.8125
R435,FORMULA,SANITIZANTE 200ml.,443,135fra1,FRAGANCIA 34764 AMOR,2
Y435,FORMULA,SANITIZANTE 125ml.,443,135aloe,EXTRACTO GLICOLICO ALOE VERA,0.63
R435,FORMULA,SANITIZANTE 200ml.,444,148PIG,PIGMENTO VII rosa oscuro,0.08
Y435,FORMULA,SANITIZANTE 125ml.,444,135fra1,FRAGANCIA 34764 AMOR,1.25
Y435,FORMULA,SANITIZANTE 125ml.,445,148PIG,PIGMENTO VII rosa oscuro,0.05
D450,384,CLEANSER 100ml. FAB,451,101ENVA,SEVILLA x 100ml. BLANCO NUEVO,1
Y450,FORMULA,SANITIZANTE 1 litro,451,NS-397ET,ETIQUETA FRENTE SANI AMOR 1LITRO,1
D450,384,CLEANSER 100ml. FAB,452,101TAPA,TAPA FLIP TOP 20/410 NEGRA,1
Y450,FORMULA,SANITIZANTE 1 litro,452,103ENV,CONTENEDOR DE LIQUIDO,1
D450,384,CLEANSER 100ml. FAB,453,384ET,ETIQUETA CLEANSER 100ml.,1
Y450,FORMULA,SANITIZANTE 1 litro,453,103TAP,TAPA CLEANSER Y MONOMERO 1Lt.,1
D450,384,CLEANSER 100ml. FAB,454,384ESE,ESENCIA TUTTI BAZOOK,2.0000000000000001E-4
Y450,FORMULA,SANITIZANTE 1 litro,454,138CL1,CLEANSER ALCOHOL DE CEREAL,735
D450,384,CLEANSER 100ml. FAB,455,0,ALCOHOL DE CEREAL,0.08
Y450,FORMULA,SANITIZANTE 1 litro,455,135AGUA,AGUA DESIONIZADA,250
D450,384,CLEANSER 100ml. FAB,456,0,ALCOHOL ISOPROPILICO,0.02
Y450,FORMULA,SANITIZANTE 1 litro,456,135GLI,,6.5
Y450,FORMULA,SANITIZANTE 1 litro,457,135fra1,FRAGANCIA 34764 AMOR,10
Y450,FORMULA,SANITIZANTE 1 litro,458,148PIG,PIGMENTO VII rosa oscuro,0.4
D459,385,CLEANSER 250ml. FAB,460,104ENV,SEVILLA x 250ml. BLANCO,1
D459,385,CLEANSER 250ml. FAB,461,104TAP,TAPA FLIT TOP 24/410 NEGRA,1
D459,385,CLEANSER 250ml. FAB,462,385ET,ETIQUETA CLEANSER 250ml.,1
D459,385,CLEANSER 250ml. FAB,463,384ESE,ESENCIA,5.0000000000000001E-4
D459,385,CLEANSER 250ml. FAB,464,0,ALCOHOL DE CEREAL,0.2
D459,385,CLEANSER 250ml. FAB,465,0,ALCOHOL ISOPROPILICO,0.05
D468,386,CLEANSER 1lt. FAB,469,103ENV,CONTENEDOR DE LIQUIDO,1
D468,386,CLEANSER 1lt. FAB,470,103TAP,TAPA CLEANSER Y MONOMERO 1Lt.,1
D468,386,CLEANSER 1lt. FAB,471,386ET,ETIQUETA CLEANSER 1lt.,1
D468,386,CLEANSER 1lt. FAB,472,384ESE,ESENCIA,2E-3
D468,386,CLEANSER 1lt. FAB,473,0,ALCOHOL DE CEREAL,0.8
D468,386,CLEANSER 1lt. FAB,474,0,ALCOHOL ISOPROPILICO,0.2
K482,fab,REMOVEDOR 1Litro. NUEVO,483,103ENV,CONTENEDOR DE LIQUIDO,1
K482,fab,REMOVEDOR 1Litro. NUEVO,484,103TAP,TAPA CLEANSER Y MONOMERO 1Lt.,1
K482,fab,REMOVEDOR 1Litro. NUEVO,485,195ET,ETIQUETA REMOVEDOR 1L,1
K482,fab,REMOVEDOR 1Litro. NUEVO,486,192ALOE,ALOE VERA TINTURA,1.21
K482,fab,REMOVEDOR 1Litro. NUEVO,487,192ENM,ENMASCARANTE 6394,1.1399999999999999
K482,fab,REMOVEDOR 1Litro. NUEVO,488,192REM,REMOVEDOR MATERIA PRIMA x LITRO,1000
R487,fab,REMOVEDOR 120ml. NUEVO,488,192env,ENVASE DE 120ML.,1
K482,fab,REMOVEDOR 1Litro. NUEVO,489,195SELLO,"SELLO INDUCCION 35,3mm PEAD",1
R487,fab,REMOVEDOR 120ml. NUEVO,489,192et,ETIQUETA,1
R487,fab,REMOVEDOR 120ml. NUEVO,490,192ALOE,ALOE VERA TINTURA,0.14599999999999999
R487,fab,REMOVEDOR 120ml. NUEVO,491,192ENM,ENMASCARANTE 6394,0.13600000000000001
R487,fab,REMOVEDOR 120ml. NUEVO,492,192REM,REMOVEDOR MATERIA PRIMA x LITRO,120
K696,370,(ROMERO) CREMA HUM AMOR 240ml.,697,364ENV,ENVASE SEVILLA HD 250ml. Cristal 24-410,1
R696,373,(ROMERO) CREMA HUM AMOR 100ml.,697,367ENV,ENVASE SEVILLA 100ml. Cristal 20-410,1
Y696,367,CREMA EXF. AMOR 100ml.,697,367ENV,ENVASE SEVILLA 100ml. Cristal 20-410,1
K696,370,(ROMERO) CREMA HUM AMOR 240ml.,698,370BOM,Cremera Transparente 24/410,1
R696,373,(ROMERO) CREMA HUM AMOR 100ml.,698,367TAP,TAPA FLIT TOP 20/410 CRISTAL,1
Y696,367,CREMA EXF. AMOR 100ml.,698,367TAP,TAPA FLIT TOP 20/410 CRISTAL,1
K696,370,(ROMERO) CREMA HUM AMOR 240ml.,699,370ET,ETIQUETA HUMECTANTE AMOR 240ml.,1
R696,373,(ROMERO) CREMA HUM AMOR 100ml.,699,373ET,ETIQUETA HUMECTANTE AMOR 100ml.,1
Y696,367,CREMA EXF. AMOR 100ml.,699,367ET,ETIQUETA EXFOLIANTE AMOR 100ml.,1
K696,370,(ROMERO) CREMA HUM AMOR 240ml.,700,370ETD,ETIQUETA DORSO HUMECTANTE AMOR 240ml.,1
R696,373,(ROMERO) CREMA HUM AMOR 100ml.,700,373ETD,ETIQUETA DORSO HUMECTANTE AMOR 100ml.,1
Y696,367,CREMA EXF. AMOR 100ml.,700,367ETD,ETIQUETA DORSO EXFOLIANTE AMOR 100ml.,1
K696,370,(ROMERO) CREMA HUM AMOR 240ml.,701,135FRA1,FRAGANCIA,1.92
R696,373,(ROMERO) CREMA HUM AMOR 100ml.,701,135FRA1,FRAGANCIA,0.8
Y696,367,CREMA EXF. AMOR 100ml.,701,135FRA1,FRAGANCIA 34764 AMOR,0.8
K696,370,(ROMERO) CREMA HUM AMOR 240ml.,702,370CREMA,CREMA HUMECTANTE AMOR,0.24
R696,373,(ROMERO) CREMA HUM AMOR 100ml.,702,370CREMA,CREMA HUMECTANTE AMOR,0.1
Y696,367,CREMA EXF. AMOR 100ml.,702,364CREMA,CREMA EXFOLIANTE AMOR (MATERIA PRIMA),0.1
K705,371,(ROMERO) CREMA HUM AIRE 240ml.,706,364ENV,ENVASE SEVILLA HD 250ml. Cristal 24-410,1
R705,374,(ROMERO) CREMA HUM AIRE 100ml.,706,367ENV,ENVASE SEVILLA 100ml. Cristal 20-410,1
Y705,368,CREMA EXF. AIRE 100ml.,706,367ENV,ENVASE SEVILLA 100ml. Cristal 20-410,1
K705,371,(ROMERO) CREMA HUM AIRE 240ml.,707,370BOM,Cremera Transparente 24/410,1
R705,374,(ROMERO) CREMA HUM AIRE 100ml.,707,367TAP,TAPA FLIT TOP 20/410 CRISTAL,1
Y705,368,CREMA EXF. AIRE 100ml.,707,367TAP,TAPA FLIT TOP 20/410 CRISTAL,1
K705,371,(ROMERO) CREMA HUM AIRE 240ml.,708,370ET,ETIQUETA HUMECTANTE AMOR 240ml.,1
R705,374,(ROMERO) CREMA HUM AIRE 100ml.,708,374ET,ETIQUETA HUMECTANTE AIRE 100ml.,1
Y705,368,CREMA EXF. AIRE 100ml.,708,368ET,ETIQUETA EXFOLIANTE AMOR 100ml.,1
K705,371,(ROMERO) CREMA HUM AIRE 240ml.,709,370ETD,ETIQUETA DORSO HUMECTANTE AMOR 240ml.,1
R705,374,(ROMERO) CREMA HUM AIRE 100ml.,709,374ETD,ETIQUETA DORSO HUMECTANTE AIRE 100ml.,1
Y705,368,CREMA EXF. AIRE 100ml.,709,368ETD,ETIQUETA DORSO EXFOLIANTE AIRE 100ml.,1
K705,371,(ROMERO) CREMA HUM AIRE 240ml.,710,135FRA2,FRAGANCIA,1.92
R705,374,(ROMERO) CREMA HUM AIRE 100ml.,710,135FRA2,FRAGANCIA,0.8
Y705,368,CREMA EXF. AIRE 100ml.,710,135FRA2,FRAGANCIA 37052 AIRE,0.8
K705,371,(ROMERO) CREMA HUM AIRE 240ml.,711,371CREMA,CREMA HUMECTANTE AIRE,0.24
R705,374,(ROMERO) CREMA HUM AIRE 100ml.,711,371CREMA,CREMA HUMECTANTE AIRE,0.1
Y705,368,CREMA EXF. AIRE 100ml.,711,365CREMA,CREMA EXFOLIANTE AIRE (MATERIA PRIMA),0.1
K714,372,(ROMERO) CREMA HUM PAZ 240ml.,715,364ENV,ENVASE SEVILLA HD 250ml. Cristal 24-410,1
R714,375,(ROMERO) CREMA PAZ PAZ 100ml.,715,367ENV,ENVASE SEVILLA 100ml. Cristal 20-410,1
Y714,369,CREMA EXF. PAZ 100ml.,715,367ENV,ENVASE SEVILLA 100ml. Cristal 20-410,1
K714,372,(ROMERO) CREMA HUM PAZ 240ml.,716,370BOM,Cremera Transparente 24/410,1
R714,375,(ROMERO) CREMA PAZ PAZ 100ml.,716,367TAP,TAPA FLIT TOP 20/410 CRISTAL,1
Y714,369,CREMA EXF. PAZ 100ml.,716,367TAP,TAPA FLIT TOP 20/410 CRISTAL,1
K714,372,(ROMERO) CREMA HUM PAZ 240ml.,717,370ET,ETIQUETA HUMECTANTE AMOR 240ml.,1
R714,375,(ROMERO) CREMA PAZ PAZ 100ml.,717,375ET,ETIQUETA HUMECTANTE PAZ 100ml.,1
Y714,369,CREMA EXF. PAZ 100ml.,717,369ET,ETIQUETA EXFOLIANTE AMOR 100ml.,1
K714,372,(ROMERO) CREMA HUM PAZ 240ml.,718,370ETD,ETIQUETA DORSO HUMECTANTE AMOR 240ml.,1
R714,375,(ROMERO) CREMA PAZ PAZ 100ml.,718,375ETD,ETIQUETA DORSO HUMECTANTE PAZ 100ml.,1
Y714,369,CREMA EXF. PAZ 100ml.,718,369ETD,ETIQUETA DORSO EXFOLIANTE PAZ 100ml.,1
K714,372,(ROMERO) CREMA HUM PAZ 240ml.,719,135FRA3,FRAGANCIA,1.92
R714,375,(ROMERO) CREMA PAZ PAZ 100ml.,719,135FRA3,FRAGANCIA,0.8
Y714,369,CREMA EXF. PAZ 100ml.,719,135FRA3,FRAGANCIA 37051 PAZ,0.8
K714,372,(ROMERO) CREMA HUM PAZ 240ml.,720,372CREMA,CREMA HUMECTANTE PAZ,0.24
R714,375,(ROMERO) CREMA PAZ PAZ 100ml.,720,372CREMA,CREMA HUMECTANTE PAZ,0.1
Y714,369,CREMA EXF. PAZ 100ml.,720,366CREMA,CREMA EXFOLIANTE PAZ (MATERIA PRIMA),0.1
R752,381,(ROMERO) ACEITE DE CUTICULA 8ml.,753,105ENV,"ENVASE 10ml. P/ PRIMER, BONDER, TOP, ACEITE Y FOIL CAJA x 390",1
R752,381,(ROMERO) ACEITE DE CUTICULA 8ml.,754,105TAPA,TAPA BLANCA,1
R752,381,(ROMERO) ACEITE DE CUTICULA 8ml.,755,105PIN,"PINCEL P/ PRIMER, BONDER, TOP, ACEITE Y FOIL",1
R752,381,(ROMERO) ACEITE DE CUTICULA 8ml.,756,381ET,ETIQUETA ACEITE AMOR 8ml.,1
R752,381,(ROMERO) ACEITE DE CUTICULA 8ml.,757,381ETD,ETIQUETA DORSO ACEITE AMOR 8ml.,1
R752,381,(ROMERO) ACEITE DE CUTICULA 8ml.,758,378ACE,ACEITE AMOR MATERIA PRIMA,8
R762,378,(ROMERO) ACEITE DE CUTICULA 33ml.,763,131ENV,ENVASE TIPO GOTERO 30ml.,1
R762,378,(ROMERO) ACEITE DE CUTICULA 33ml.,764,378ET,ETIQUETA ACEITE AMOR 33ml.,1
R762,378,(ROMERO) ACEITE DE CUTICULA 33ml.,765,378ETD,ETIQUETA DORSO ACEITE AMOR 33ml.,1
R762,378,(ROMERO) ACEITE DE CUTICULA 33ml.,766,378ACE,ACEITE AMOR MATERIA PRIMA,33
K965,321,TOALLAS NAIL SHOW (tela nueva),966,321TOALLA,TELA TOALLA NUEVA 25x25,1
K965,321,TOALLAS NAIL SHOW (tela nueva),967,321ET,Estampa Toalla NAIL SHOW MULTICOLOR,1
