codigo,familia,proveedor,contenido_peso,contenido_cantidad,detalle,fecha_actualizacion_costo,costo_usd,costo_ars,costo_unitario_ars,color_origen
080POL,POLVO,KEYSTONE,1,1,POLVO POLIMERIZADOR,,,49734.90828906484,49734.90828906484,GRIS
080ENV,ENVASE,DANO,1,1000,CRISTAL TAPA BLANCA 16ml. P/ POLIMERO 14gr.,2023-02-13,323,497420,497.42,ROJO
080ENVA,ENVASE,DONGGUAN,,1,CRISTAL TAPA NEGRA 14gr. P/ POLIMERO 14gr.,,,310.5117024249504,310.5117024249504,ROJO
080G,GUARNICION,NGM,,1,GUARNICION PARA ENVASES 14GR,2022-10-22,,1.5,1.5,ROJO
080BOL,BOLSA,MAZA LOSA,,1,BOLSA PARA PACK,2024-06-04,,23.9,23.9,ROJO
080ETL,ETIQUETA,MERC. PAGO,100,1000,ETIQUETAS DE LOTE Y VENCIMIENTO,,,213.15,0.21315,GRIS
080ET,ETIQUETA,ELGART,1,54,ROSADO TRASLUCIDO 14GRM,,3.72,2752.8,50.97777777777778,GRIS
081ET,ETIQUETA,ELGART,1,54,ROSADO NATURAL 14GRM,,3.72,2752.8,50.97777777777778,GRIS
082ET,ETIQUETA,ELGART,1,54,CLEAR TRANSPARENTE 14GMR,,3.72,2752.8,50.97777777777778,GRIS
083ET,ETIQUETA,ELGART,1,54,BLANCO FRENCH 14GRM,,3.72,2752.8,50.97777777777778,GRIS
084ET,ETIQUETA,ELGART,1,54,BLANCO SHIMMER 14GRM,,3.72,2752.8,50.97777777777778,GRIS
085ET,ETIQUETA,ELGART,1,54,SHOW COVER PINK 14GRM,,3.72,2752.8,50.97777777777778,GRIS
086ET,ETIQUETA,ELGART,1,54,SOFT COVER PINK 14GRM,,3.72,2752.8,50.97777777777778,GRIS
087ET,ETIQUETA,ELGART,1,54,DARK COVER PINK 14GRM,,3.72,2752.8,50.97777777777778,GRIS
088ET,ETIQUETA,ELGART,1,54,PINKY COVER PINK 14GRM,,3.72,2752.8,50.97777777777778,GRIS
089ET,ETIQUETA,ELGART,1,54,COVER PINK BEIGE 14GRM,,3.72,2752.8,50.97777777777778,GRIS
090ET,ETIQUETA,ELGART,1,54,COVER PINK DIAMONDS 14GRM,,3.72,2752.8,50.97777777777778,GRIS
091ET,ETIQUETA,ELGART,1,54,COVER PINK PRINCESS 14GRM,,3.72,2752.8,50.97777777777778,GRIS
092ET,ETIQUETA,ELGART,1,54,COVER PINK GOLDEN TOUCH 14GRM,,3.72,2752.8,50.97777777777778,GRIS
093ENV,ENVASE,CHIBI,45,1,ENVASE POLIMERO 45gr (CAJA x 300 Unid),2024-12-18,,411,411,ROJO
093BOL,BOLSA,,,1,BOLSA PARA PACK,,,,30,ROJO
093ET,ETIQUETA,ELGART,1,16,ROSA TRASLUCIDO 45GRM,,3.72,2752.8,172.05,GRIS
094ET,ETIQUETA,ELGART,1,16,ROSADO NATURAL 45GRM,,3.72,2752.8,172.05,GRIS
095ET,ETIQUETA,ELGART,1,16,CLEAR TRANSPARENTE 45GRM,,3.72,2752.8,172.05,GRIS
096ET,ETIQUETA,ELGART,1,16,BLANCO FRENCH 45GRM,,3.72,2752.8,172.05,GRIS
097ET,ETIQUETA,ELGART,1,16,BLANCO SHIMMER 45GRM,,3.72,2752.8,172.05,GRIS
098ET,ETIQUETA,ELGART,1,16,SHOW COVER PINK 45GRM,,3.72,2752.8,172.05,GRIS
099ET,ETIQUETA,ELGART,1,16,SOFT COVER PINK 45GRM,,3.72,2752.8,172.05,GRIS
100ET,ETIQUETA,ELGART,1,16,DARK COVER PINK 45GRM,,3.72,2752.8,172.05,GRIS
101ESE,ESENCIA,EUMA,1,1,ESENCIA PARA MONOMERO,2026-08-14,12,17700,17700,GRIS
101TAP,TAPA,AMOPLAST,,1,TAPA,,,1.43,1.43,VIOLETA
101ENV,ENVASE,PIROPLAST,125,1,ENVASE DE 125ml. VIEJO,,,9.1,9.1,VIOLETA
101ENVA,ENVASE,PIROPLAST,100,1,SEVILLA x 100ml. BLANCO NUEVO,2025-05-20,0.124,182.9,182.9,ROJO
101TAPA,TAPA,ENTAPLAST,CAJA,4000,TAPA FLIP TOP 20/410 NEGRA,2025-02-06,,57.02,57.02,ROJO
101TAPACIEGA,TAPA,RUMAR,,1,TAPA CIEGA NEGRA 20/410,2025-12-18,,84,84,ROJO
101MONO,MONOMERO,ACRILAB,200,1,LIQ. ACRILICO TACHO x 200 lts.,2025-11-19,19,28025,28025,VERDE
101MO,MONOMERO,ACRILAB,100,1,LIQ. ACRILICO + MANO DE OBRA,2025-01-03,2.9119834710743806,4295.175619834711,4295.175619834711,VERDE
101ET,ETIQUETA,ELGART,1,14,MONOMERO DE 100ml.,,3.72,2752.8,196.62857142857143,TEMA_5
101ET,ETIQUETA,QUILMES,,1,ETIQUETA MONOMERO DE 100ml.,2024-12-18,,74.38,74.38,AMARILLO
102ENV,ENVASE,PIROPLAST,250,1,CONTENEDOR DE LIQUIDO,,,10.75,10.75,VIOLETA
102MO,MONOMERO,ACRILAB,250,1,LIQ. ACRILICO + MANO DE OBRA,2025-01-03,7.0247933866735535,10361.570245343491,10361.570245343491,VERDE
102ET,ETIQUETA,QUILMES,1,12,ETIQUETA MONOMERO DE 250ml.,2024-12-18,,74.38,74.38,AMARILLO
103TAP,TAPA,,,1,TAPA CLEANSER Y MONOMERO 1Lt.,2026-04-07,0.096,141.6,141.6,VERDE
103ENV,ENVASE,AMOPLAST,1000,1,CONTENEDOR DE LIQUIDO,2026-04-07,0.42,619.5,619.5,VERDE
103ENVA,ENVASE,PIROPLAST,500,1,LYON x 500ml. BLANCO,2025-10-02,0.184,271.4,271.4,ROJO
103MO,MONOMERO,ACRILAB,500,1,LIQ. ACRILICO + MANO DE OBRA,2025-01-03,13.34710743784091,19686.983470815343,19686.983470815343,VERDE
103ET,ETIQUETA,QUILMES,1,12,MONOMERO DE 500ml.,2024-12-18,,74.38,74.38,AMARILLO
104ENV,ENVASE,PIROPLAST,250,1,SEVILLA x 250ml. BLANCO,2024-06-06,0.15,221.25,221.25,ROJO
104TAP,TAPA,ENTAPLAST,CAJA,3000,TAPA FLIT TOP 24/410 NEGRA,2025-02-12,,52,52,ROJO
104ET,ETIQUETA,QUILMES,1,12,MONOMERO DE 250ml. PLATEADA,2024-12-18,,74.38,74.38,AMARILLO
104MO,MONOMEROP,KEYSTONE,1,1,MONOMERO PREMIUN 250ml.,,13.198,38934.1,38934.1,VERDE
105ENV,ENVASE,O'MACRI,10,1,"ENVASE 10ml. P/ PRIMER, BONDER, TOP, ACEITE Y FOIL CAJA x 390",2026-02-23,,64.8,64.8,ROJO
105TAP,TAPA,O'MACRI,,1,TAPA NEGRA,2026-02-23,,64.8,64.8,ROJO
105TAPA,TAPA,O'MACRI,,1,TAPA BLANCA,2026-02-23,,64.8,64.8,ROJO
105PIN,PINCEL,O'MACRI,,1,"PINCEL P/ PRIMER, BONDER, TOP, ACEITE Y FOIL",2026-02-23,,64.8,64.8,ROJO
105PINCEL,PINCEL,O'MACRI,,1,PINCEL BIG BRUSH PARA ESMALTES,2026-02-23,,77.1,77.1,ROJO
105BOL,BOLSA,PAPELERA LEGASA,,1000,BOLSITA PARA DUO,2025-03-20,,5500,5.5,ROJO
105ET,ETIQUETA,DARACT,1,1,PRIMER 10ml.,2024-01-26,,45.45,45.45,AMARILLO
105ET,ETIQUETA,ELGART,1,56,PRIMER 10ml. YA NO SE COMPRA,,3.72,2752.8,49.15714285714286,AMARILLO
201ET,ETIQUETA,DARACT,,,ETIQ Base para Esmalte tradicional,,,65,65,AMARILLO
105MO,PRIMER,ACRILAB,10,1,LIQ. PRIMER + MANO DE OBRA,2024-08-28,1.322314049586777,1950.413223140496,1950.413223140496,VERDE
106TAP,TAPA,O'MACRI,,1,TAPA P/ BONDER,2024-11-20,,58.300000000000004,58.300000000000004,ROJO
106ET,ETIQUETA,ELGART,1,198,BONDER 10ml.,,3.72,2752.8,13.903030303030304,AMARILLO
106LIQ,BONDER,KEYSTONE,56.78,15,LIQ. BONDER,,40.57127483671736,59842.6303841581,59842.6303841581,VERDE
107TAP,TAPA,CHIBI,,1,TAPA GEL DE CONSTRUCCION,,,,,ROJO
107ENV,ENVASE,CHIBI,40,1,CONSTRUCCIÓN PINK 45GRM,,,64.87,64.87,ROJO
108ENV,ENVASE,CHIBI,40,1,CONSTRUCCIÓN ULTRA WHITE 45GRM,,,64.87,64.87,ROJO
109ENV,ENVASE,CHIBI,40,1,CONSTRUCCIÓN DARK COVER PINK 45GRM,,,64.87,64.87,ROJO
110ENV,ENVASE,CHIBI,40,1,CONSTRUCCIÓN CLEAR 45GRM,,,64.87,64.87,ROJO
107EST,ESTAMPADO,TAMPOMAX,,1,,,,13.78,13.78,GRIS
107GEL,GEL,,1,1,GEL CONSTRUCCIÓN PINK,,79.365,117063.37499999999,117063.37499999999,GRIS
108GEL,GEL,,1,1,GEL CONSTRUCCIÓN ULTRA WHITE,,79.365,117063.37499999999,117063.37499999999,GRIS
109GEL,GEL,,1,1,GEL CONSTRUCCIÓN DARK COVER PINK,,79.365,117063.37499999999,117063.37499999999,GRIS
110GEL,GEL,,1,1,GEL CONSTRUCCIÓN CLEAR,,79.365,117063.37499999999,117063.37499999999,GRIS
111ENV,ENVASE,DONGGUAN,1,1000,ENVASE 8ml. P/ COLECCIONES,2020-10-06,278,183.9184698978552,183.9184698978552,ROJO
111G,GUARNICION,NGM,,1,GUARNICION PARA ENVASES 8ml,,,1.2,1.2,ROJO
111ET,ETIQUETA,ELGART,1,150,COLECCIÓN DONUTS,,3.72,2752.8,18.352,GRIS
112ET,ETIQUETA,ELGART,1,150,COLECCIÓN MACARRONS,,3.72,2752.8,18.352,GRIS
113ET,ETIQUETA,ELGART,1,150,COLECCIÓN CUPCAKES,,3.72,2752.8,18.352,GRIS
114ET,ETIQUETA,ELGART,1,150,COLECCIÓN CHOCOLAR,,3.72,2752.8,18.352,GRIS
115ET,ETIQUETA,ELGART,1,150,COLECCIÓN TARTAS,,3.72,2752.8,18.352,GRIS
116ET,ETIQUETA,ELGART,1,150,COLECCIÓN PASTEL,,3.72,2752.8,18.352,GRIS
117ET,ETIQUETA,ELGART,1,150,COLECCIÓN BABY POPCAKE,,3.72,2752.8,18.352,GRIS
118ET,ETIQUETA,ELGART,1,150,COLECCIÓN DE GLITTERS TOPPINGS I,,3.72,2752.8,18.352,GRIS
119ET,ETIQUETA,ELGART,1,150,COLECCIÓN DE GLITTERS TOPPINGS II,,3.72,2752.8,18.352,GRIS
279ET,ETIQUETA,ELGART,1,150,COLECCION CANDYTOPIA,,3.72,2752.8,18.352,GRIS
278ET,ETIQUETA,ELGART,1,150,COLECCION LOLLYPOP,,3.72,2752.8,18.352,GRIS
299ET,ETIQUETA,ELGART,1,150,COLECCION SMOOTHIES,,3.72,2752.8,18.352,GRIS
327ET,ETIQUETA,ELGART,1,150,COLECCIÓN BASICS,,3.72,2752.8,18.352,GRIS
120ET,ETIQUETA,ELGART,1,150,POLIMERO DE COLOR,,3.72,2752.8,18.352,GRIS
111CAJ,CAJA,CREAPACK,,1,CAJA TRANSPARENTE,2025-02-12,,399,399,ROJO
111ETT,ETIQUETA,ELGART,1,96,ETIQUETA CAJA TRANSPARENTE,,3.72,2752.8,28.675,GRIS
111ETC,ETIQUETA,ELGART,1,48,ETIQUETA CAJA DONUTS,,3.72,2752.8,57.35,GRIS
112ETC,ETIQUETA,ELGART,1,48,ETIQUETA CAJA MACARRONS,,3.72,2752.8,57.35,GRIS
113ETC,ETIQUETA,ELGART,1,48,ETIQUETA CAJA CUPCAKES,,3.72,2752.8,57.35,GRIS
114ETC,ETIQUETA,ELGART,1,48,ETIQUETA CAJA CHOCOLAR,,3.72,2752.8,57.35,GRIS
115ETC,ETIQUETA,ELGART,1,48,ETIQUETA CAJA TARTAS,,3.72,2752.8,57.35,GRIS
116ETC,ETIQUETA,ELGART,1,48,ETIQUETA CAJA PASTEL,,3.72,2752.8,57.35,GRIS
117ETC,ETIQUETA,ELGART,1,48,ETIQUETA CAJA BABY POPCAKE,,3.72,2752.8,57.35,GRIS
118ETC,ETIQUETA,ELGART,1,48,ETIQUETA CAJA GLITTERS TOPPINGS I,,3.72,2752.8,57.35,GRIS
119ETC,ETIQUETA,ELGART,1,48,ETIQUETA CAJA GLITTERS TOPPINGS II,,3.72,2752.8,57.35,GRIS
279ETC,ETIQUETA,ELGART,1,48,ETIQUETA CAJA CANDYTOPIA,,3.72,2752.8,57.35,GRIS
278ETC,ETIQUETA,ELGART,1,48,ETIQUETA CAJA LOLLYPOP,,3.72,2752.8,57.35,GRIS
299ETC,ETIQUETA,ELGART,1,48,ETIQUETA CAJA SMOOTHIES,,3.72,2752.8,57.35,GRIS
327ETC,ETIQUETA,ELGART,1,48,ETIQUETA CAJA BASICS,,3.72,2752.8,57.35,GRIS
300ENV,ENVASE,DONGGUAN,1,1344,"CRISTAL TAPA BLANCA 5ml. P/ ACCES., PIGM. Y SUGGAR",2024-11-28,251,386540,131.37033564132517,ROJO
300G,GUARNICION,NGM,,1000,GUARNI 5ml.,,3559,,,ROJO
300AC,ACCESORIOS,,1,1,ACCESORIOS XLVIII Plata Fino,,,2800,2800,GRIS
301AC,ACCESORIOS,DONGGUAN,1,1,ACCESORIOS XLVII Plata,2024-11-15,,15720.942007441614,15720.942007441614,VERDE
302AC,ACCESORIOS,DONGGUAN,1,1,ACCESORIOS XLVI Oro,2024-11-15,,15720.942007441614,15720.942007441614,VERDE
303AC,ACCESORIOS,,1,1,ACCESORIOS XLV  Plata octogonal,,,,,GRIS
304AC,ACCESORIOS,,1,1,ACCESORIOS XLIV Oro tornasol,,,,,GRIS
305AC,ACCESORIOS,,1,1,ACCESORIOS XLIII Plata tornasol,,,1900,1900,GRIS
306AC,ACCESORIOS,DONGGUAN,1,1,ACCESORIOS XLII Negro octogonal tornasol,2024-11-15,,111956.61504364961,111956.61504364961,VERDE
307AC,ACCESORIOS,DONGGUAN,1,1,ACCESORIOS XLI Plata octogonal tornasol,2024-11-15,,111956.61504364961,111956.61504364961,VERDE
308AC,ACCESORIOS,,1,1,ACCESORIOS XL Champagne octogonal,,,,,GRIS
309AC,ACCESORIOS,DONGGUAN,1,1,ACCESORIOS XXXIX Fucsia octogonal,2024-11-15,,20765.356421044373,20765.356421044373,VERDE
310AC,ACCESORIOS,,1,1,ACCESORIOS XXXVIII Azul octogonal,2022-09-29,,5000,5000,GRIS
311AC,ACCESORIOS,DONGGUAN,1,1,ACCESORIOS XXXVII Glitter turquesa tornasol,2024-11-15,,20765.356421044373,20765.356421044373,VERDE
312AC,ACCESORIOS,DONGGUAN,1,1,ACCESORIOS LASSER XXXVI Glitter fucsia,2024-11-15,,37122.972092338765,37122.972092338765,VERDE
313AC,ACCESORIOS,DONGGUAN,1,1,ACCESORIOS LASSER XXXV Violeta,2024-11-15,,37122.972092338765,37122.972092338765,VERDE
314AC,ACCESORIOS,DONGGUAN,1,1,ACCESORIOS LASSER XXXIV Azul,2024-11-15,,37122.972092338765,37122.972092338765,VERDE
315AC,ACCESORIOS,DONGGUAN,1,1,ACCESORIOS LASSER XXXIII Turquesa,2024-11-15,,37122.972092338765,37122.972092338765,VERDE
316AC,ACCESORIOS,DONGGUAN,1,1,ACCESORIOS LASSER XXXII Rosa,2024-11-15,,20765.356421044373,20765.356421044373,VERDE
317AC,ACCESORIOS,,1,1,ACCESORIOS LASSER XXXI Magenta,,,,0,GRIS
318AC,ACCESORIOS,DONGGUAN,1,1,ACCESORIOS LASSER XXX Plata,2024-11-15,,37122.972092338765,37122.972092338765,VERDE
319AC,ACCESORIOS,DONGGUAN,1,1,ACCESORIOS LASSER XXIX Negro,2024-11-15,,37122.972092338765,37122.972092338765,VERDE
331AC,ACCESORIOS,DONGGUAN,1,1,ACCESORIOS LASSER XXVIII Cobre,2024-11-15,,37122.972092338765,37122.972092338765,VERDE
332AC,ACCESORIOS,,1,1,ACCESORIOS LASSER XXVII Verde,,,,,GRIS
333AC,ACCESORIOS,DONGGUAN,1,1,ACCESORIOS LASSER XXVI Oro,2024-11-15,,37122.972092338765,37122.972092338765,VERDE
334AC,ACCESORIOS,DONGGUAN,1,1,ACCESORIOS LASSER XXV Celeste Oscuro,2024-11-15,,37122.972092338765,37122.972092338765,VERDE
300ETT,ETIQUETA,ELGART,1,204,ETIQUETA ACCESORIOS TAPA,,3.72,2752.8,13.494117647058824,GRIS
300ETB,ETIQUETA,ELGART,1,204,ETIQUETA XLVIII Plata Fino,,3.72,2752.8,13.494117647058824,GRIS
301ETB,ETIQUETA,ELGART,1,204,ETIQUETA XLVII Plata,,3.72,2752.8,13.494117647058824,GRIS
302ETB,ETIQUETA,ELGART,1,204,ETIQUETA XLVI Oro,,3.72,2752.8,13.494117647058824,GRIS
303ETB,ETIQUETA,ELGART,1,204,ETIQUETA XLV  Plata octogonal,,3.72,2752.8,13.494117647058824,GRIS
304ETB,ETIQUETA,ELGART,1,204,ETIQUETA XLIV Oro tornasol,,3.72,2752.8,13.494117647058824,GRIS
305ETB,ETIQUETA,ELGART,1,204,ETIQUETA XLIII Plata tornasol,,3.72,2752.8,13.494117647058824,GRIS
306ETB,ETIQUETA,ELGART,1,204,ETIQUETA XLII Negro octogonal tornasol,,3.72,2752.8,13.494117647058824,GRIS
307ETB,ETIQUETA,ELGART,1,204,ETIQUETA XLI Plata octogonal tornasol,,3.72,2752.8,13.494117647058824,GRIS
308ETB,ETIQUETA,ELGART,1,204,ETIQUETA XL Champagne octogonal,,3.72,2752.8,13.494117647058824,GRIS
309ETB,ETIQUETA,ELGART,1,204,ETIQUETA XXXIX Fucsia octogonal,,3.72,2752.8,13.494117647058824,GRIS
310ETB,ETIQUETA,ELGART,1,204,ETIQUETA XXXVIII Azul octogonal,,3.72,2752.8,13.494117647058824,GRIS
311ETB,ETIQUETA,ELGART,1,204,ETIQUETA XXXVII Glitter turquesa tornasol,,3.72,2752.8,13.494117647058824,GRIS
312ETB,ETIQUETA,ELGART,1,204,ETIQUETA LASSER XXXVI Glitter fucsia,,3.72,2752.8,13.494117647058824,GRIS
313ETB,ETIQUETA,ELGART,1,204,ETIQUETA LASSER XXXV Violeta,,3.72,2752.8,13.494117647058824,GRIS
314ETB,ETIQUETA,ELGART,1,204,ETIQUETA LASSER XXXIV Azul,,3.72,2752.8,13.494117647058824,GRIS
315ETB,ETIQUETA,ELGART,1,204,ETIQUETA LASSER XXXIII Turquesa,,3.72,2752.8,13.494117647058824,GRIS
316ETB,ETIQUETA,ELGART,1,204,ETIQUETA LASSER XXXII Rosa,,3.72,2752.8,13.494117647058824,GRIS
317ETB,ETIQUETA,ELGART,1,204,ETIQUETA LASSER XXXI Magenta,,3.72,2752.8,13.494117647058824,GRIS
318ETB,ETIQUETA,ELGART,1,204,ETIQUETA LASSER XXX Plata,,3.72,2752.8,13.494117647058824,GRIS
319ETB,ETIQUETA,ELGART,1,204,ETIQUETA LASSER XXIX Negro,,3.72,2752.8,13.494117647058824,GRIS
331ETB,ETIQUETA,ELGART,1,204,ETIQUETA LASSER XXVIII Cobre,,3.72,2752.8,13.494117647058824,GRIS
332ETB,ETIQUETA,ELGART,1,204,ETIQUETA LASSER XXVII Verde,,3.72,2752.8,13.494117647058824,GRIS
333ETB,ETIQUETA,ELGART,1,204,ETIQUETA LASSER XXVI Oro,,3.72,2752.8,13.494117647058824,GRIS
334ETB,ETIQUETA,ELGART,1,204,ETIQUETA LASSER XXV Celeste Oscuro,,3.72,2752.8,13.494117647058824,GRIS
122ENV,ENVASE,DANO,1,1344,ENVASES NEGRO 5ml. GEL PAINT,2024-11-28,251,386540,386.54,ROJO
122PIN,DOMES,ELGART,,1,ETIQUETA TIPO PIN GEL PAINT BLANCO,,,16,16,GRIS
123PIN,DOMES,ELGART,,1,ETIQUETA TIPO PIN GEL PAINT NEGRO,,,16,16,GRIS
124PIN,DOMES,ELGART,,1,ETIQUETA TIPO PIN GEL PAINT PLATEADO,,,16,16,GRIS
125PIN,DOMES,ELGART,,1,ETIQUETA TIPO PIN GEL PAINT AMARILLO,,,16,16,GRIS
126PIN,DOMES,ELGART,,1,ETIQUETA TIPO PIN GEL PAINT FUCCIA,,,16,16,GRIS
127PIN,DOMES,ELGART,,1,ETIQUETA TIPO PIN GEL PAINT ROJO,,,16,16,GRIS
128PIN,DOMES,ELGART,,1,ETIQUETA TIPO PIN GEL PAINT VERDE,,,16,16,GRIS
129PIN,DOMES,ELGART,,1,ETIQUETA TIPO PIN GEL PAINT AZUL,,,16,16,GRIS
171PIN,DOMES,ELGART,,1,ETIQUETA TIPO PIN GEL PAINT DORADO,,,16,16,GRIS
122GEL,GEL,KEYSTONE,1,1,GEL BLANCO,,84,123900,123900,GRIS
123GEL,GEL,KEYSTONE,1,1,GEL NEGRO,,84,123900,123900,GRIS
124GEL,GEL,KEYSTONE,1,1,GEL PLATEADO,,84,123900,123900,GRIS
125GEL,GEL,KEYSTONE,1,1,GEL AMARILLO,,84,123900,123900,GRIS
126GEL,GEL,KEYSTONE,1,1,GEL FUCCIA,,84,123900,123900,GRIS
127GEL,GEL,KEYSTONE,1,1,GEL  ROJO,,84,123900,123900,GRIS
128GEL,GEL,KEYSTONE,1,1,GEL VERDE,,84,123900,123900,GRIS
129GEL,GEL,KEYSTONE,1,1,GEL AZUL,,84,123900,123900,GRIS
171GEL,GEL,KEYSTONE,1,1,GEL DORADO,,84,123900,123900,GRIS
130ENV,ENVASE,CRISTALMAN,10,1,ENVASE 10ml.  TOP CAJA x 390,2025-01-08,,139.5,139.5,ROJO
130ET,ETIQUETA,ELGART,1,114,ETIQUETA TOP COAT,,3.72,2752.8,24.147368421052633,GRIS
130TOP,TOP COAT,KEYSTONE,1,1,MP TOP COAT,,242.7090121115122,357995.7928644805,357995.7928644805,GRIS
131ET,ETIQUETA,ELGART,1,195,ETIQUETA ACEITE DE CUTICULA,,3.72,2752.8,14.116923076923078,GRIS
131AC,ACEITE,MAHO,1,1,MP ACEITE DE CUTICULA,2022-05-31,,3888,3888,GRIS
132CRE,CREMA,MAHO,1,,CREMA HUMECTANTE,,,156,156,GRIS
132ET,ETIQUETA,ELGART,1,16,ETIQUETA CREMA HUMECTANTTE,,3.72,2752.8,172.05,GRIS
133CRE,CREMA,MAHO,1,,CREMA EXFOLIANTE,,,184,184,GRIS
133ET,ETIQUETA,ELGART,1,16,ETIQUETA CREMA EXFOLIANTE,,3.72,2752.8,172.05,GRIS
134CRE,CREMA,MAHO,1,,CREMA GERMEN DE TRIGO,,,316,316,GRIS
134ET,ETIQUETA,ELGART,1,16,ETIQUETA CREMA GERMEN DE TRIGO,,3.72,2752.8,172.05,GRIS
136ET,ETIQUETA,ELGART,1,195,ETIQUETA NAIL PREP,,3.72,2752.8,14.116923076923078,GRIS
136PRE,NAIL PREP,EUMA,1,1,MP NAIL PREP (ACETATO DE BUTILO),2023-08-14,15.5,22862.5,22862.5,GRIS
136PRE,ACETATO DE BUTILO,LADCO LAB,1,1,ACETATO DE BUTILO,2026-02-20,2.9,4277.5,4277.5,GRIS
137ET,ETIQUETA,ELGART,1,195,ETIQUETA ADHESIVO FOIL,,3.72,1767,110.4375,GRIS
137AD,ADHESIVO,CENTER GRAPH,1,1,MP ADHESIVO FOIL,2024-01-03,,16758,16758,GRIS
135ENV,ENVASE,PLASMARE,200,1,ENVASE 200ml. SANITIZANTE,2021-09-30,0.124,182.9,182.9,ROJO
391ENV,ENVASE,PIROPLAST,200,1,LISBOA CRISTAL 200ml.,2024-06-06,0.175,258.125,258.125,ROJO
135GAT,GATILLO,VABARLIN,,1,GATILLOS VAPORIZADORES,2023-12-15,0.35,516.25,516.25,ROJO
135GAT,GATILLO,DISTRIBUIDORA V.R. SRL (VAN ROSSUM),,1,"GATILLOS VAPORIZADORES + FLETE $45,900",2023-12-16,,163.413775,163.413775,ROJO
135GAT,GATILLO,AMP SPRAY,,1,GATILLOS VAPORIZADORES,2026-03-17,,240.95,240.95,ROJO
320TAP,TAPA,ENTAPLAST,,1,TAPA ALTERNATIVA SANITIZANTE,2023-12-15,,30.6,30.6,ROJO
320TAPA,TAPA,ENTAPLAST,,1,TAPA ALTERNATIVA BLANCA SANITIZANTE,2025-02-12,,33,33,ROJO
135SAN,ALCOHOL,MAHO,1,1,SANITIZANTE,,,464.1,464.1,VERDE
391MO,ALCOHOL + MO,SAN JOSE,200,1,SANITIZANTE + ENVASADO,2025-02-19,,964.06,964.06,VERDE
392MO,ALCOHOL + MO,SAN JOSE,125,1,SANITIZANTE + ENVASADO,2025-03-07,,848.76,848.76,VERDE
135GLI,GLICERINA,MV (mercado libre),10,1,GLICERINA PARA SANI,2026-04-07,,6370,6370,VERDE
135ALOE,GLICOLICO,EUMA,1,1,EXTRACTO GLICOLICO ALOE VERA,2025-11-11,28.22,41624.5,41624.5,VERDE
135AGUA,AGUA DESINIZADA,DI FRANCO PABLO ERNESTO,10,1,AGUA DESIONIZADA,2025-11-11,,5000,500,VERDE
135PRO,PROPILENGLICOL,LADCO LAB,1,1,PROPILENGLICOL USP,2025-11-11,4,5900,5900,VERDE
135FRA1,FRAGANCIA,AROMATICA,1000,1,FRAGANCIA 34764 AMOR,2026-06-29,37.2,54870.00000000001,54870.00000000001,VERDE
135FRA2,FRAGANCIA,AROMATICA,1000,1,FRAGANCIA 37052 AIRE,2026-03-31,46.7,68882.5,68882.5,VERDE
135FRA3,FRAGANCIA,AROMATICA,1000,1,FRAGANCIA 37051 PAZ,2026-06-29,37.3,55017.49999999999,55017.49999999999,VERDE
135FRA4,FRAGANCIA,AROMATICA,1000,1,FRAGANCIA 38635,2022-03-22,37.3,55017.49999999999,55017.49999999999,VERDE
135FRA5,FRAGANCIA,AROMATICA,1000,1,FRAGANCIA 38636,2022-03-23,27.6,40710,40710,VERDE
135FRA6,FRAGANCIA,AROMATICA,1000,1,CHICLE PUMITA GE-40970,4835-02-07,24.7,36432.5,36432.5,VERDE
135FRA7,FRAGANCIA,AROMATICA,1000,1,FRAMBUESA 15073,,16,23600,23600,VERDE
392ENV,ENVASE,PIROPLAST,200,1,ENVASE LISBOA 125ml. CRISTAL,2024-06-06,0.127,187.325,187.325,ROJO
391BOM,BOMBA,ENTAPLAST,,1,BOMBA SPRAY ROSA 24/410,2025-02-12,0.07,103.25000000000001,103.25000000000001,ROJO
393BOM,BOMBA,ENTAPLAST,,1,BOMBA SPRAY TURQUESA 24/410,2025-02-12,0.07,103.25000000000001,103.25000000000001,ROJO
395BOM,BOMBA,ENTAPLAST,,1,BOMBA SPRAY VIOLETA 24/410,2025-02-12,0.07,103.25000000000001,103.25000000000001,ROJO
391BOM,BOMBA,AMP SPRAY,,1,BOMBA SPRAY ROSA 24/410,2026-03-17,,154.09,154.09,ROJO
135ET,ETIQUETA,ELGART,1,12,ETIQUETA SANITIZANTE,,3.72,2752.8,229.4,AMARILLO
391ET,ETIQUETA,DARACT,,1,ETIQUETA FRENTE SANITIZANTE AMOR 200ML,2024-01-26,,90.55,90.55,AMARILLO
391ETD,ETIQUETA,DARACT,,1,ETIQUETA DORSO SANITIZANTE AMOR 200ML,2024-01-26,,71.15,71.15,AMARILLO
392ET,ETIQUETA,DARACT,,1,ETIQUETA FRENTE SANITIZANTE AMOR 125ML,2024-01-26,,71.15,71.15,AMARILLO
392ETD,ETIQUETA,DARACT,,1,ETIQUETA DORSO SANITIZANTE AMOR 125ML,2024-01-26,,71.15,71.15,AMARILLO
393ET,ETIQUETA,DARACT,,1,ETIQUETA FRENTE SANITIZANTE AIRE 200ML,2024-01-26,,90.55,90.55,AMARILLO
393ETD,ETIQUETA,DARACT,,1,ETIQUETA DORSO SANITIZANTE AIRE 200ML,2024-01-26,,71.15,71.15,AMARILLO
394ET,ETIQUETA,DARACT,,1,ETIQUETA FRENTE SANITIZANTE AIRE 125ML,2024-01-26,,71.15,71.15,AMARILLO
394ETD,ETIQUETA,DARACT,,1,ETIQUETA DORSO SANITIZANTE AIRE 125ML,2024-01-26,,71.15,71.15,AMARILLO
395ET,ETIQUETA,DARACT,,1,ETIQUETA FRENTE SANITIZANTE PAZ 200ML,2024-01-26,,90.55,90.55,AMARILLO
395ETD,ETIQUETA,DARACT,,1,ETIQUETA DORSO SANITIZANTE PAZ 200ML,2024-01-26,,71.15,71.15,AMARILLO
396ET,ETIQUETA,DARACT,,1,ETIQUETA FRENTE SANITIZANTE PAZ 125ML,2024-01-26,,71.15,71.15,AMARILLO
396ETD,ETIQUETA,DARACT,,1,ETIQUETA DORSO SANITIZANTE PAZ 125ML,2024-01-26,,71.15,71.15,AMARILLO
400ETD,ETIQUETA,DARACT,,1,ETIQUETA DORSO SANITIZANTE AMOR REP 200ML,2024-01-26,,71.15,71.15,AMARILLO
401ETD,ETIQUETA,DARACT,,1,ETIQUETA DORSO SANITIZANTE AIRE REP 200ML,2024-01-26,,71.15,71.15,AMARILLO
402ETD,ETIQUETA,DARACT,,1,ETIQUETA DORSO SANITIZANTE PAZ  REP 200ML,2024-01-26,,71.15,71.15,AMARILLO
138CL1,ALCOHOL,ADECO LAB,1,1,CLEANSER ALCOHOL DE CEREAL,2025-11-10,,1750,1750,VERDE
138CL2,ALCOHOL,LADCO LAB,1,1,CLEANSER ALCOHOL ISOPROPILICO,2025-11-10,3.6,5310,5310,VERDE
138ET,ETIQUETA,ELGART,1,15,ETIQUETA CLARIFICADOR CLEANSER,,3.72,2752.8,183.52,AMARILLO
139ENV,ENVASE,PLASTICOS VG,,1,ENVASE GOTERO PARA ACRILICOS,2025-02-06,,109,109,ROJO
139ENVA,ENVASE,CARELLI,,1,ENVASE GOTERO PARA ACRILICOS GRANDE,2025-02-06,,109,109,ROJO
139CAJ,CAJA,DILENE,,1,CAJA TRANSPARENTE DE 12 ACRILICOS,2025-02-13,,1322,1322,ROJO
140CAJ,CAJA,DILENE,,1,CAJA TRANSPARENTE DE 27 ACRILICOS,2024-12-23,,2010,2010,ROJO
139AC01,ACRILICO,DIBU,0.06,1,10 BLANCO,2024-12-01,,840.56,840.56,VERDE
139AC02,ACRILICO,DIBU,0.06,1,26 PIEL,2024-12-01,,840.56,840.56,VERDE
139AC03,ACRILICO,DIBU,0.06,1,200 NEGRO,2024-12-01,,840.56,840.56,VERDE
139AC04,ACRILICO,DIBU,0.06,1,131 VERDE CADMIO,2024-12-01,,840.56,840.56,VERDE
139AC05,ACRILICO,DIBU,0.06,1,212 ORO IMPERIO,2024-12-01,,840.56,840.56,VERDE
139AC06,ACRILICO,DIBU,0.06,1,111 CHOCOLATE,2024-12-01,,840.56,840.56,VERDE
139AC07,ACRILICO,DIBU,0.06,1,86 MAGENTA,2024-12-01,,840.56,840.56,VERDE
139AC08,ACRILICO,DIBU,0.06,1,43 AMARILLO CADMIO,2024-12-01,,840.56,840.56,VERDE
139AC09,ACRILICO,DIBU,0.06,1,163 AZUL UNIFORME,2024-12-01,,840.56,840.56,VERDE
139AC10,ACRILICO,DIBU,0.06,1,80 ROJO AD,2024-12-01,,840.56,840.56,VERDE
139AC11,ACRILICO,DIBU,0.06,1,226 PLATA,2024-12-01,,840.56,840.56,VERDE
139AC12,ACRILICO,DIBU,0.06,1,222 BLANCO PERLADO,2024-12-01,,840.56,840.56,VERDE
140AC13,ACRILICO,DIBU,0.06,1,264 VERDE FLUOR,2024-12-01,,840.56,840.56,VERDE
140AC14,ACRILICO,DIBU,0.06,1,220 COBRE,2024-12-01,,840.56,840.56,VERDE
140AC15,ACRILICO,DIBU,0.06,1,29 ROSA PALIDO,2024-12-01,,840.56,840.56,VERDE
140AC16,ACRILICO,DIBU,0.06,1,149 TUQUESA,2024-12-01,,840.56,840.56,VERDE
140AC17,ACRILICO,DIBU,0.06,1,123 VERDE BEBE,2024-12-01,,840.56,840.56,VERDE
140AC18,ACRILICO,DIBU,0.06,1,174 LAVANDA,2024-12-01,,840.56,840.56,VERDE
140AC19,ACRILICO,DIBU,0.06,1,265 ROJO FLUOR,2024-12-01,,840.56,840.56,VERDE
140AC20,ACRILICO,DIBU,0.06,1,183 GRIS TOPO,2024-12-01,,840.56,840.56,VERDE
140AC21,ACRILICO,DIBU,0.06,1,114 SIENA NATURAL,2024-12-01,,840.56,840.56,VERDE
140AC22,ACRILICO,DIBU,0.06,1,134 VERDE OXIDO CROMO,2024-12-01,,840.56,840.56,VERDE
140AC23,ACRILICO,DIBU,0.06,1,88 ROJO OXIDO,2024-12-01,,840.56,840.56,VERDE
140AC24,ACRILICO,DIBU,0.06,1,30 ROSA CHICLE,2024-12-01,,840.56,840.56,VERDE
140AC25,ACRILICO,DIBU,0.06,1,261 AMARILLO FLUOR,2024-12-01,,840.56,840.56,VERDE
140AC26,ACRILICO,DIBU,0.06,1,169 ULTRAMAR PROFUNDO,2024-12-01,,840.56,840.56,VERDE
140AC27,ACRILICO,DIBU,0.06,1,214 ORO ANTIGUO,2024-12-01,,840.56,840.56,VERDE
139ETE,ETIQUETA,ELGART,1,110,ETIQUETA ENVASE DE ACRILICO,,3.72,2752.8,25.025454545454547,AMARILLO
139ET,ETIQUETA,ELGART,1,22,ETIQUETA CAJA x 12 ACRILICO,,3.72,2752.8,125.12727272727274,AMARILLO
140ET,ETIQUETA,ELGART,1,22,ETIQUETA CAJA x 27 ACRILICO,,3.72,2752.8,125.12727272727274,AMARILLO
142PIG,PIGMENTO,QUIMICA COLOR,1,1,PIGMENTO I  negro,,,1208,1208,VERDE
143PIG,PIGMENTO,QUIMICA COLOR,1,1,PIGMENTO II blanco,,,,,VERDE
144PIG,PIGMENTO,QUIMICA COLOR,1,1,PIGMENTO III rosa,,,,,VERDE
145PIG,PIGMENTO,QUIMICA COLOR,1,1,PIGMENTO IV celeste,,,,,VERDE
146PIG,PIGMENTO,QUIMICA COLOR,1,1,PIGMENTO V cobre,,,,,VERDE
147PIG,PIGMENTO,DONGGUAN,1,1,PIGMENTO VI turquesa,,,92725.3905007408,92725.3905007408,VERDE
148PIG,PIGMENTO,QUIMICA COLOR,1,1,PIGMENTO VII rosa oscuro,,,40632,40632,VERDE
149PIG,PIGMENTO,QUIMICA COLOR,1,1,PIGMENTO VIII azul,,,,,VERDE
150PIG,PIGMENTO,QUIMICA COLOR,1,1,PIGMENTO IX bronce oscuro,,,,,VERDE
151PIG,PIGMENTO,QUIMICA COLOR,1,1,PIGMENTO X rosa neon,,,,,VERDE
152PIG,PIGMENTO,QUIMICA COLOR,1,1,PIGMENTO XI verde neon,2022-04-19,,98431.27866518525,98431.27866518525,VERDE
153PIG,PIGMENTO,QUIMICA COLOR,1,1,PIGMENTO XII naranja neon,2021-10-22,,3666.25,3666.25,VERDE
154PIG,PIGMENTO,CALVANO,1,1,PIGMENTO XIII magenta neon,2025-04-29,,38080,38080,VERDE
155PIG,PIGMENTO,QUIMICA COLOR,1,1,PIGMENTO XIV amarillo neon,2022-04-19,,4130,4130,VERDE
156PIG,PIGMENTO,QUIMICA COLOR,1,1,PIGMENTO XV azul oscuro,,,1359,,VERDE
157PIG,PIGMENTO,DONGGUAN,1,1,PIGMENTO XVI verde oscuro,2024-11-15,,67707.79540588171,67707.79540588171,VERDE
158PIG,PIGMENTO,QUIMICA COLOR,1,1,PIGMENTO XVII violeta,,,,,VERDE
159PIG,PIGMENTO,QUIMICA COLOR,1,1,PIGMENTO XVIII naranja,,,,,VERDE
160PIG,PIGMENTO,QUIMICA COLOR,1,1,PIGMENTO XIX dorado,,,,,VERDE
161PIG,PIGMENTO,DONGGUAN,1,1,PIGMENTO XX oro,2024-11-15,,157405.3196632939,157405.3196632939,VERDE
162PIG,PIGMENTO,DONGGUAN,1,1,PIGMENTO XXI plata,2024-11-15,,149961.13528593836,149961.13528593836,VERDE
163PIG,PIGMENTO,QUIMICA COLOR,1,1,PIGMENTO XXII violeta oscuro,,,9060,,VERDE
164PIG,PIGMENTO,QUIMICA COLOR,1,1,PIGMENTO XXIII salmón neon,,,,,VERDE
165PIG,PIGMENTO,DONGGUAN,1,1,PIGMENTO XXIV verde manzana,,,104137.1668296297,104137.1668296297,VERDE
247PIG,PIGMENTO,ROMANO DANIEL GUILLERMO,1,1,PIGMENTO XXIV blanco mate,2025-01-01,,9114,9114,VERDE
252PIG,PIGMENTO,CALVANO,1,1,PIGMENTO XXXI negro mate,2025-03-11,,8690,8690,VERDE
450PPA,GLITTER,DONGGUAN,1,1,Dazzling Red,,,,246921.98438974377,VERDE
328PIG,PIGMENTO,CALVANO,1,1,PIGMENTO XXV camaleón lila,2025-04-29,,47600,47600,VERDE
329PIG,PIGMENTO,QUIMICA COLOR,1,1,PIGMENTO XXVI cobre anaranjado,,,,,VERDE
330PIG,PIGMENTO,DONGGUAN,1,1,PIGMENTO XXVII cobre rojizo,2024-11-15,,47113.85112510539,47113.85112510539,VERDE
142ETT,ETIQUETA,ELGART,1,204,ETIQUETA PIGMENTO TAPA,,3.72,2752.8,13.494117647058824,AMARILLO
142ET,ETIQUETA,ELGART,1,204,ETIQUETA PIGMENTO I  negro,,3.72,2752.8,13.494117647058824,AMARILLO
143ET,ETIQUETA,ELGART,1,204,ETIQUETA PIGMENTO II blanco,,3.72,2752.8,13.494117647058824,AMARILLO
144ET,ETIQUETA,ELGART,1,204,ETIQUETA PIGMENTO III rosa,,3.72,2752.8,13.494117647058824,AMARILLO
145ET,ETIQUETA,ELGART,1,204,ETIQUETA PIGMENTO IV celeste,,3.72,2752.8,13.494117647058824,AMARILLO
146ET,ETIQUETA,ELGART,1,204,ETIQUETA PIGMENTO V cobre,,3.72,2752.8,13.494117647058824,AMARILLO
147ET,ETIQUETA,ELGART,1,204,ETIQUETA PIGMENTO VI turquesa,,3.72,2752.8,13.494117647058824,AMARILLO
148ET,ETIQUETA,ELGART,1,204,ETIQUETA PIGMENTO VII rosa oscuro,,3.72,2752.8,13.494117647058824,AMARILLO
149ET,ETIQUETA,ELGART,1,204,ETIQUETA PIGMENTO VIII azul,,3.72,2752.8,13.494117647058824,AMARILLO
150ET,ETIQUETA,ELGART,1,204,ETIQUETA PIGMENTO IX bronce oscuro,,3.72,2752.8,13.494117647058824,AMARILLO
151ET,ETIQUETA,ELGART,1,204,ETIQUETA PIGMENTO X rosa neon,,3.72,2752.8,13.494117647058824,AMARILLO
152ET,ETIQUETA,ELGART,1,204,ETIQUETA PIGMENTO XI verde neon,,3.72,2752.8,13.494117647058824,AMARILLO
153ET,ETIQUETA,ELGART,1,204,ETIQUETA PIGMENTO XII naranja neon,,3.72,2752.8,13.494117647058824,AMARILLO
154ET,ETIQUETA,ELGART,1,204,ETIQUETA PIGMENTO XIII magenta neon,,3.72,2752.8,13.494117647058824,AMARILLO
155ET,ETIQUETA,ELGART,1,204,ETIQUETA PIGMENTO XIV amarillo neon,,3.72,2752.8,13.494117647058824,AMARILLO
156ET,ETIQUETA,ELGART,1,204,ETIQUETA PIGMENTO XV azul oscuro,,3.72,2752.8,13.494117647058824,AMARILLO
157ET,ETIQUETA,ELGART,1,204,ETIQUETA PIGMENTO XVI verde oscuro,,3.72,2752.8,13.494117647058824,AMARILLO
158ET,ETIQUETA,ELGART,1,204,ETIQUETA PIGMENTO XVII violeta,,3.72,2752.8,13.494117647058824,AMARILLO
159ET,ETIQUETA,ELGART,1,204,ETIQUETA PIGMENTO XVIII naranja,,3.72,2752.8,13.494117647058824,AMARILLO
160ET,ETIQUETA,ELGART,1,204,ETIQUETA PIGMENTO XIX dorado,,3.72,2752.8,13.494117647058824,AMARILLO
161ET,ETIQUETA,ELGART,1,204,ETIQUETA PIGMENTO XX oro,,3.72,2752.8,13.494117647058824,AMARILLO
162ET,ETIQUETA,ELGART,1,204,ETIQUETA PIGMENTO XXI plata,,3.72,2752.8,13.494117647058824,AMARILLO
163ET,ETIQUETA,ELGART,1,204,ETIQUETA PIGMENTO XXII violeta oscuro,,3.72,2752.8,13.494117647058824,AMARILLO
164ET,ETIQUETA,ELGART,1,204,ETIQUETA PIGMENTO XXIII salmón neon,,3.72,2752.8,13.494117647058824,AMARILLO
165ET,ETIQUETA,ELGART,1,204,ETIQUETA PIGMENTO XXIV verde manzana,,3.72,2752.8,13.494117647058824,AMARILLO
328ET,ETIQUETA,ELGART,1,204,ETIQUETA PIGMENTO XXV camaleón lila,,3.72,2752.8,13.494117647058824,AMARILLO
329ET,ETIQUETA,ELGART,1,204,ETIQUETA PIGMENTO XXVI cobre anaranjado,,3.72,2752.8,13.494117647058824,AMARILLO
330ET,ETIQUETA,ELGART,1,204,ETIQUETA PIGMENTO XXVII cobre rojizo,,3.72,2752.8,13.494117647058824,AMARILLO
166SUG,SUGGAR,,1,1,SUGGAR XL Dorado lamé,2022-06-01,396,250000,250000,VERDE
167SUG,SUGGAR,,1,1,SUGGAR XLI Tornasol efecto verde/rosa,2022-05-13,,2314.05,2314.05,VERDE
168SUG,SUGGAR,,1,1,SUGGAR XLII Transparente,,,,,VERDE
287SUG,SUGGAR,,1,1,SUGGAR XLIII Tornasol efecto Violeta,,,,,VERDE
288SUG,SUGGAR,,1,1,SUGGAR XLIV Tornasol efecto Verde/Rosa X-Fino,,,,,VERDE
289SUG,SUGGAR,,1,1,SUGGAR XLV Tornasol efecto Violeta X-Fino,2023-12-12,,56000,56000,VERDE
290SUG,SUGGAR,,1,1,SUGGAR XLVI Turquesa,,,,,VERDE
291SUG,SUGGAR,,1,1,SUGGAR XLVII Verde Neon,,,110000,,VERDE
292SUG,SUGGAR,,1,1,SUGGAR XLVIII Amarillo Neon,,,,,VERDE
293SUG,SUGGAR,,1,1,SUGGAR XLIX Naranja Neon,,,,,VERDE
294SUG,SUGGAR,,1,1,SUGGAR L Fucsia Neon,,,,,VERDE
295SUG,SUGGAR,,1,1,SUGGAR LI Rosa Neon,,,,,VERDE
296SUG,SUGGAR,,1,1,SUGGAR LII Violeta,,,,,VERDE
297SUG,SUGGAR,,1,1,SUGGAR LIII Negro,,,,,VERDE
166ETT,ETIQUETA,ELGART,1,204,ETIQUETA SUGGAR TAPA,,3.72,2752.8,13.494117647058824,AMARILLO
166ET,ETIQUETA,ELGART,1,204,SUGGAR XL Dorado lamé,,3.72,2752.8,13.494117647058824,AMARILLO
167ET,ETIQUETA,ELGART,1,204,SUGGAR XLI Tornasol efecto verde/rosa,,3.72,2752.8,13.494117647058824,AMARILLO
168ET,ETIQUETA,ELGART,1,204,SUGGAR XLII Transparente,,3.72,2752.8,13.494117647058824,AMARILLO
287ET,ETIQUETA,ELGART,1,204,SUGGAR XLIII Tornasol efecto Violeta,,3.72,2752.8,13.494117647058824,AMARILLO
288ET,ETIQUETA,ELGART,1,204,SUGGAR XLIV Tornasol efecto Verde/Rosa X-Fino,,3.72,2752.8,13.494117647058824,AMARILLO
289ET,ETIQUETA,ELGART,1,204,SUGGAR XLV Tornasol efecto Violeta X-Fino,,3.72,2752.8,13.494117647058824,AMARILLO
290ET,ETIQUETA,ELGART,1,204,SUGGAR XLVI Turquesa,,3.72,2752.8,13.494117647058824,AMARILLO
291ET,ETIQUETA,ELGART,1,204,SUGGAR XLVII Verde Neon,,3.72,2752.8,13.494117647058824,AMARILLO
292ET,ETIQUETA,ELGART,1,204,SUGGAR XLVIII Amarillo Neon,,3.72,2752.8,13.494117647058824,AMARILLO
293ET,ETIQUETA,ELGART,1,204,SUGGAR XLIX Naranja Neon,,3.72,2752.8,13.494117647058824,AMARILLO
294ET,ETIQUETA,ELGART,1,204,SUGGAR L Fucsia Neon,,3.72,2752.8,13.494117647058824,AMARILLO
295ET,ETIQUETA,ELGART,1,204,SUGGAR LI Rosa Neon,,3.72,2752.8,13.494117647058824,AMARILLO
296ET,ETIQUETA,ELGART,1,204,SUGGAR LII Violeta,,3.72,2752.8,13.494117647058824,AMARILLO
297ET,ETIQUETA,ELGART,1,204,SUGGAR LIII Negro,,3.72,2752.8,13.494117647058824,AMARILLO
614BOL,BOLSA,CAPKELITOS,,,BOLSAS PARA PACK,2025-06-15,,288.06284000000005,288.06284000000005,AMARILLO
173,PINCEL,CENTURION,1.5,1,O-8 Pincel Oval Kolinsky N8 para acrílico,,,,11980.03609554977,VERDE
339,PINCEL,CENTURION,1.5,1,O-8 Pincel Oval Kolinsky N8 para acrílico PRO,,,,35567.8714508233,VERDE
174,PINCEL,CENTURION,1.5,1,F-7 Pincel Chato Kolinsky N7 para gel,,,,11145.346922276349,VERDE
175,PINCEL,CENTURION,1.5,1,F-4 Pincel Chato Kolinsky N4 para diseño,,4.1,6047.499999999999,9071.249999999998,VERDE
176,PINCEL,CENTURION,1.5,1,F-2 Pincel Chato Sintético N2 para diseño,,3.3,4867.5,7301.25,VERDE
177,PINCEL,CENTURION,1.5,1,R-4 Pincel Redondo Kolisnky N4 para diseño,,,,8746.98112887511,VERDE
178,PINCEL,CENTURION,1.5,1,R-3 Pincel Redondo Sintético N3 para diseño,,1.6,2360,2564.208401185771,VERDE
179,PINCEL,CENTURION,1.5,1,R-2 Pincel Redondo Kolinsky N2 para diseño,,,,8746.98112887511,VERDE
180,PINCEL,CENTURION,1.5,1,R-0 Pincel Liner Sintético N 0,,,,7477.258061780338,VERDE
181,PINCEL,CENTURION,1.5,1,"DT Dotting Tool, Punzón Doble punta",,,,1862.2604984056686,VERDE
470,PINCEL,CENTURION,,1,Nail Show Ombre Brush (RA-6),,,,3426.911203192456,VERDE
471,PINCEL,CENTURION,,1,Nail Show Fine Liner Brush (R-1),,,,2546.136557132535,VERDE
472,PINCEL,CENTURION,,1,Nail Show Fine Liner Brush (R-0),,,,2546.136557132535,VERDE
473,PINCEL,CENTURION,,1,Nail Show Fine Liner Brush (RL-0),,,,2546.136557132535,VERDE
474,PINCEL,CENTURION,,1,Nail Show Fine Liner Brush (R-Micro-0),,,,2546.136557132535,VERDE
475,PINCEL,CENTURION,,1,Nail Show Fine Liner Brush (R-000),,,,2546.136557132535,VERDE
231,LIMA,CENTURION,1.5,1,Lima 100/100,,0.34,641.2492069815273,641.2492069815273,VERDE
232,LIMA,CENTURION,1.5,1,Lima 150/150,,0.34,641.2492069815273,641.2492069815273,VERDE
233,LIMA,CENTURION,1.5,1,Lima 180/180,,0.34,641.2492069815273,641.2492069815273,VERDE
360,LIMA,CENTURION,1.5,1,Lima 220/220,,0.34,641.2492069815273,641.2492069815273,VERDE
234,LIMA,CENTURION,1.5,1,Lima/Buffer 180/180,,0.53,999.5943520594396,999.5943520594396,VERDE
235,LIMA,CENTURION,1.5,1,Lima/Buffer 100/180,,0.53,999.5943520594396,999.5943520594396,VERDE
236,LIMA,CENTURION,1.5,1,Buffer 100/180,,0.583,1099.5537872653836,1099.5537872653836,VERDE
237,LIMA,CENTURION,1.5,1,Buffer 220/280,,0.583,1099.5537872653836,1099.5537872653836,VERDE
238,LIMA,CENTURION,1.5,1,Lima Shinner  de brillo,,0.583,1099.5537872653836,1099.5537872653836,VERDE
240,LIBRO,XITIS SA,,,QUIMICA APLICADA PARA UÑAS,2022-07-18,3629.5106034932223,603,4232.510603493222,VERDE
241,LIBRO,XITIS SA,,,ENFERMEDADES DE MANOS Y PIES,2022-07-18,9558.313164754953,1588,11146.313164754953,VERDE
242,LIBRO,XITIS SA,,,CARA A CARA DE DOUG SCHOON VOLUMEN 1,2022-07-18,9901.401231751825,1645,11546.401231751825,VERDE
131ENV,ENVASE,DANO,,1,ENVASE TIPO GOTERO 30ml.,,0.656,1010.24,1010.24,ROJO
131ENV,ENVASE,GLAS CAR,,1,ENVASE TIPO GOTERO 30ml.,,,594.3,594.3,ROJO
340AC,VASELINA,SAPORITI (MAHO),1,1,Aceite para torno (VASELINA),2023-12-20,,6000,6000,VERDE
340AC,VASELINA,VASEPLUS,1,,Aceite para torno (VASELINA),2024-09-13,4,5900,5900,VERDE
340ET1,ETIQUETA,ELGART,1,72,ETIQUETA TIPO VINILO,,3.72,2752.8,38.233333333333334,AMARILLO
340ET2,ETIQUETA,ELGART,1,128,ETIQUETA TIPO VINILO,,3.72,2752.8,21.50625,AMARILLO
342,LAMPARAS,CENTURION,,70,,,10320.07,15222103.25,217458.61785714285,VERDE
343CAJ,CAJA,R. WAGNER,,1,CAJA FRESA,2024-01-03,,306.5,306.5,ROJO
343ETF,ETIQUETA,ELGART,1,112,ETIQUETA TIPO VINILO,,3.72,2752.8,24.57857142857143,AMARILLO
343ETD,ETIQUETA,ELGART,1,20,ETIQUETA DORSO,,3.72,2752.8,137.64000000000001,AMARILLO
343,FRESAS,HEAD,,1,Fsa Abras Delic p/ remocion de esmaltado,,6.76,12805.328279300165,12805.328279300165,VERDE
344,FRESAS,HEAD,,1,Fsa Abras Fina p/ Remosion de esmaltado,,6.76,12805.328279300165,12805.328279300165,VERDE
345,FRESAS,HEAD,,1,Fsa. Abras Media p/ Remosion de esmaltado grueso,,6.76,12805.328279300165,12805.328279300165,VERDE
346,FRESAS,HEAD,,1,Fsa Abras Gr p/ corte o Remosion de Geles,,7.38,14822.450787012935,14822.450787012935,VERDE
347,FRESAS,HEAD,,1,Fsa Abras Gr p/ corte o Desbaratar Acrilicos,,7.38,14822.450787012935,14822.450787012935,VERDE
348,FRESAS,IQ DENT,,1,Fsa Abras Media p/ Perfilar superficie,,4.75,6887.5,6887.5,VERDE
349,FRESAS,HEAD,,1,Fsa Gramaje Grueso de Diamante cilindrico,,3.69,5756.731651225207,5756.731651225207,VERDE
350,FRESAS,IQ DENT,,1,Fsa Gramaje Medio de Diamante cilindrico,,,4289.3972786132135,4289.3972786132135,VERDE
351,FRESAS,HEAD,,1,Fsa Gramaje Fino de Diamante cilindrico,,1.04,2039.7868055522388,2039.7868055522388,VERDE
352,FRESAS,IQ DENT,,1,Fresa Gramaje Fino de Diamante Cono,,0.95,1377.5,1377.5,VERDE
353,FRESAS,IQ DENT,,1,Fresa Gramaje Medio. Cono truncado,,0.95,1377.5,1377.5,VERDE
354,FRESAS,HEAD,,1,Fsa Gramaje Fino de Diamante cilindrico,,1.04,5756.731651225207,5756.731651225207,VERDE
356,FRESAS,HEAD,,1,,,5.25,9383.019305540298,9383.019305540298,VERDE
357,FRESAS,HEAD,,1,,,5.25,9383.019305540298,9383.019305540298,VERDE
358,FRESAS,HEAD,,1,,,7.38,15253.072445962853,15253.072445962853,VERDE
359,FRESAS,HEAD,,1,,,6.76,12805.328279300165,12805.328279300165,VERDE
355REM,REMERA,VANSKAP WEAR,,,"REMERA CLASICA HOMBRE, NEGRO, S",,0,520.661,520.661,VERDE
356REM,REMERA,VANSKAP WEAR,,,"REMERA CLASICA HOMBRE, BLANCO, S",,0,520.661,520.661,VERDE
357REM,REMERA,VANSKAP WEAR,,,"REMERA CLASICA HOMBRE, NEGRO, M",,0,520.661,520.661,VERDE
358REM,REMERA,VANSKAP WEAR,,,"REMERA CLASICA HOMBRE, BLANCO, M",,0,520.661,520.661,VERDE
359REM,REMERA,VANSKAP WEAR,,,"REMERA CLASICA HOMBRE, NEGRO, L",,0,520.661,520.661,VERDE
360REM,REMERA,VANSKAP WEAR,,,"REMERA CLASICA HOMBRE, NEGRO, XL",,0,520.661,520.661,VERDE
361REM,REMERA,VANSKAP WEAR,,,"REMERA ESCOTE REDONDO, NEGRO, S",,0,446.281,446.281,VERDE
362REM,REMERA,VANSKAP WEAR,,,"REMERA ESCOTE REDONDO, BLANCO, S",,0,446.281,446.281,VERDE
363REM,REMERA,VANSKAP WEAR,,,"REMERA ESCOTE REDONDO, NEGRO, M",,0,446.281,446.281,VERDE
364REM,REMERA,VANSKAP WEAR,,,"REMERA ESCOTE REDONDO, BLANCO, M",,0,446.281,446.281,VERDE
365REM,REMERA,VANSKAP WEAR,,,"REMERA ESCOTE REDONDO, NEGRO, L",,0,446.281,446.281,VERDE
366REM,REMERA,VANSKAP WEAR,,,"REMERA ESCOTE V MUJER, NEGRO, S",,0,446.281,446.281,VERDE
367REM,REMERA,VANSKAP WEAR,,,"REMERA ESCOTE V MUJER, NEGRO, M",,0,446.281,446.281,VERDE
368REM,REMERA,VANSKAP WEAR,,,"REMERA ESCOTE V MUJER, NEGRO, L",,0,446.281,446.281,VERDE
369REM,REMERA,VANSKAP WEAR,,,"REMERA ESCOTE V MUJER, NEGRO, XL",,0,446.281,446.281,VERDE
370REM,CROP TOP,VANSKAP WEAR,,,"CROP TOP, NEGRO, M",,0,421.488,421.488,VERDE
371REM,CROP TOP,VANSKAP WEAR,,,"CROP TOP, BLANCO, M",,0,421.488,421.488,VERDE
364ENV,ENVASE,PIROPLAST,250,1,ENVASE SEVILLA HD 250ml. Cristal 24-410,2024-06-06,0.162,238.95000000000002,238.95000000000002,ROJO
364TAP,TAPA,ENTAPLAST,CAJA,2400,TAPA DISK TOP 24/410 CRISTAL,2023-12-15,,44.8,44.8,ROJO
370CREMA,CREMA,EVIDENS,,,CREMA HUMECTANTE AMOR,2025-12-19,,5890,5890,VERDE
371CREMA,CREMA,EVIDENS,,,CREMA HUMECTANTE AIRE,2025-12-19,,5890,5890,VERDE
372CREMA,CREMA,EVIDENS,,,CREMA HUMECTANTE PAZ,2025-12-19,,5890,5890,VERDE
364CRE,CREMA,EVIDENS,,,CREMA EXFOLIANTE 240ml. + MO,2024-10-29,,1885,1885,VERDE
364ET,ETIQUETA,DARACT,,,ETIQUETA EXFOLIANTE AMOR 240ml.,2024-01-26,,90.55,90.55,AMARILLO
365ET,ETIQUETA,DARACT,,,ETIQUETA EXFOLIANTE AIRE 240ml.,2024-01-26,,90.55,90.55,AMARILLO
366ET,ETIQUETA,DARACT,,,ETIQUETA EXFOLIANTE PAZ 240ml.,2024-01-26,,90.55,90.55,AMARILLO
364ETD,ETIQUETA,DARACT,,,ETIQUETA DORSO EXFOLIANTE AMOR 240ml.,2024-01-26,,71.15,71.15,AMARILLO
364CREMA,CREMA,EVIDENS,,,CREMA EXFOLIANTE AMOR (MATERIA PRIMA),2025-12-19,,5890,5890,VERDE
365CREMA,CREMA,EVIDENS,,,CREMA EXFOLIANTE AIRE (MATERIA PRIMA),2025-12-19,,5890,5890,VERDE
366CREMA,CREMA,EVIDENS,,,CREMA EXFOLIANTE PAZ (MATERIA PRIMA),2025-12-19,,5890,5890,VERDE
365ETD,ETIQUETA,DARACT,,,ETIQUETA DORSO EXFOLIANTE AIRE 240ml.,2024-01-26,,71.15,71.15,AMARILLO
366ETD,ETIQUETA,DARACT,,,ETIQUETA DORSO EXFOLIANTE PAZ 240ml.,2024-01-26,,71.15,71.15,AMARILLO
370CRE,CREMA,EVIDENS,,,CREMA HUMECTANTE 240ml. + MO,2025-10-29,,1755,1755,VERDE
370BOM,CREMERA,VABARLIN,,,Cremera Transparente 24/410,2023-12-15,0.135,199.125,199.125,ROJO
370ET,ETIQUETA,DARACT,,,ETIQUETA HUMECTANTE AMOR 240ml.,2024-01-26,,90.55,90.55,AMARILLO
371ET,ETIQUETA,DARACT,,,ETIQUETA HUMECTANTE AIRE 240ml.,2024-01-26,,90.55,90.55,AMARILLO
372ET,ETIQUETA,DARACT,,,ETIQUETA HUMECTANTE PAZ 240ml.,2024-01-26,,90.55,90.55,AMARILLO
370ETD,ETIQUETA,DARACT,,,ETIQUETA DORSO HUMECTANTE AMOR 240ml.,2024-01-26,,71.15,71.15,AMARILLO
371ETD,ETIQUETA,DARACT,,,ETIQUETA DORSO HUMECTANTE AIRE 240ml.,2024-01-26,,71.15,71.15,AMARILLO
372ETD,ETIQUETA,DARACT,,,ETIQUETA DORSO HUMECTANTE PAZ 240ml.,2024-01-26,,71.15,71.15,AMARILLO
367ENV,ENVASE,PIROPLAST,100,1,ENVASE SEVILLA 100ml. Cristal 20-410,2024-06-06,0.105,154.875,154.875,ROJO
367TAP,TAPA,ENTAPLAST,CAJA,3400,TAPA FLIT TOP 20/410 CRISTAL,2025-02-12,,57.02,57.02,ROJO
367CRE,CREMA,EVIDENS,,,CREMA EXFOLIANTE 100ml. + MO,2023-12-26,,1130,1130,VERDE
367ET,ETIQUETA,DARACT,,,ETIQUETA EXFOLIANTE AMOR 100ml.,2024-01-26,,71.15,71.15,AMARILLO
368ET,ETIQUETA,DARACT,,,ETIQUETA EXFOLIANTE AIRE 100ml.,2024-01-26,,71.15,71.15,AMARILLO
369ET,ETIQUETA,DARACT,,,ETIQUETA EXFOLIANTE PAZ 100ml.,2024-01-26,,71.15,71.15,AMARILLO
367ETD,ETIQUETA,DARACT,,,ETIQUETA DORSO EXFOLIANTE AMOR 100ml.,2024-01-26,,71.15,71.15,AMARILLO
368ETD,ETIQUETA,DARACT,,,ETIQUETA DORSO EXFOLIANTE AIRE 100ml.,2024-01-26,,71.15,71.15,AMARILLO
369ETD,ETIQUETA,DARACT,,,ETIQUETA DORSO EXFOLIANTE PAZ 100ml.,2024-01-26,,71.15,71.15,AMARILLO
373CRE,CREMA,EVIDENS,,,CREMA HUMECTANTE 100ml. + MO,2023-12-26,,965,965,VERDE
373ET,ETIQUETA,DARACT,,,ETIQUETA HUMECTANTE AMOR 100ml.,2024-01-26,,71.15,71.15,AMARILLO
374ET,ETIQUETA,DARACT,,,ETIQUETA HUMECTANTE AIRE 100ml.,2024-01-26,,71.15,71.15,AMARILLO
375ET,ETIQUETA,DARACT,,,ETIQUETA HUMECTANTE PAZ 100ml.,2024-01-26,,71.15,71.15,AMARILLO
373ETD,ETIQUETA,DARACT,,,ETIQUETA DORSO HUMECTANTE AMOR 100ml.,2024-01-26,,71.15,71.15,AMARILLO
374ETD,ETIQUETA,DARACT,,,ETIQUETA DORSO HUMECTANTE AIRE 100ml.,2024-01-26,,71.15,71.15,AMARILLO
375ETD,ETIQUETA,DARACT,,,ETIQUETA DORSO HUMECTANTE PAZ 100ml.,2024-01-26,,71.15,71.15,AMARILLO
378AC,ACEITE,EVIDENS,,,ACEITE DE CUT 33ml. + MO,2023-12-26,,1304.25,1304.25,VERDE
378ACE,ACEITE,EVIDENS,,1 litro,ACEITE AMOR MATERIA PRIMA,2026-02-18,,23500,23500,VERDE
378ET,ETIQUETA,DARACT,,,ETIQUETA ACEITE AMOR 33ml.,2024-01-26,,36.86,36.86,AMARILLO
379ET,ETIQUETA,DARACT,,,ETIQUETA ACEITE AIRE 33ml.,2024-01-26,,36.86,36.86,AMARILLO
380ET,ETIQUETA,DARACT,,,ETIQUETA ACEITE PAZ 33ml.,2024-01-26,,36.86,36.86,AMARILLO
378ETD,ETIQUETA,DARACT,,,ETIQUETA DORSO ACEITE AMOR 33ml.,2024-01-26,,36.86,36.86,AMARILLO
379ETD,ETIQUETA,DARACT,,,ETIQUETA DORSO ACEITE AIRE 33ml.,2024-01-26,,36.86,36.86,AMARILLO
380ETD,ETIQUETA,DARACT,,,ETIQUETA DORSO ACEITE PAZ 33ml.,2024-01-26,,36.86,36.86,AMARILLO
381AC,ACEITE,EVIDENS,,,ACEITE DE CUT 8ml. + MO,2024-09-23,,765,765,VERDE
381ET,ETIQUETA,DARACT,,,ETIQUETA ACEITE AMOR 8ml.,2024-01-26,,18.48,18.48,AMARILLO
382ET,ETIQUETA,DARACT,,,ETIQUETA ACEITE AIRE 8ml.,2024-01-26,,18.48,18.48,AMARILLO
383ET,ETIQUETA,DARACT,,,ETIQUETA ACEITE PAZ 8ml.,2024-01-26,,18.48,18.48,AMARILLO
381ETD,ETIQUETA,DARACT,,,ETIQUETA DORSO ACEITE AMOR 8ml.,2024-01-26,,36.86,36.86,AMARILLO
382ETD,ETIQUETA,DARACT,,,ETIQUETA DORSO ACEITE AIRE 8ml.,2024-01-26,,36.86,36.86,AMARILLO
383ETD,ETIQUETA,DARACT,,,ETIQUETA DORSO ACEITE PAZ 8ml.,2024-01-26,,36.86,36.86,AMARILLO
249MO,ACEITE,EVIDENS,,,ACEITE DE CUT 5ml. + MO,2024-11-11,,35.035,35.035,VERDE
249ET,ETIQUETA,ELGART,1,80,ETIQUETA MUESTRA ACEITE AMOR 5cc,,3.72,2752.8,34.410000000000004,AMARILLO
384MO,CLEANSER,ACRILAB,,,CLEANSER 100ml. + MO,2022-10-28,1.2396694214876034,1828.512396694215,1828.512396694215,VERDE
385MO,CLEANSER,ACRILAB,,,CLEANSER 250ml. + MO,2022-10-28,1.9834710743801653,2925.619834710744,2925.619834710744,VERDE
386MO,CLEANSER,ACRILAB,,,CLEANSER 1Lt. + MO,2022-10-28,6.6115702479338845,9752.066115702479,9752.066115702479,VERDE
384ET,ETIQUETA,QUILMES,,,ETIQUETA CLEANSER 100ml.,2024-06-18,,80,80,AMARILLO
385ET,ETIQUETA,QUILMES,,,ETIQUETA CLEANSER 250ml.,2024-06-18,,80,80,AMARILLO
386ET,ETIQUETA,QUILMES,,,ETIQUETA CLEANSER 1lt.,2024-06-18,,80,80,AMARILLO
387MO,PRIMER ACIDO,ACRILAB,,,PRIMER ACIDO + MO,2022-11-18,1.322314049586777,1950.413223140496,1950.413223140496,VERDE
387ENV,ENVASE,OMACRI+DE LISSI,,,ENVASE CUADRADO TRANSP+PINTURA MATE,2022-02-18,,129.6,129.6,ROJO
387PIN,PINCEL,O'MACRI,,1,PINCEL LARGO PELO CORTO,2024-11-20,,58.300000000000004,58.300000000000004,ROJO
387ET,ETIQUETA,DARACT,,,ETIQUETA FRENTE PRIMER ACIDO,2024-01-26,,19.84,19.84,AMARILLO
387ETD,ETIQUETA,DARACT,,,ETIQUETA DORSO PRIMER ACIDO,2024-01-26,,19.84,19.84,AMARILLO
411,HERRAMIENTAS,HEAD,,,Corta cutículas premium profesional 3mm,2022-09-22,14.647081941857373,27178.725908900073,27178.725908900073,VERDE
412,HERRAMIENTAS,HEAD,,,Corta cutículas premium profesional 5mm,2022-09-22,14.647081941857373,27178.725908900073,27178.725908900073,VERDE
413,HERRAMIENTAS,HEAD,,,Corta cutículas premium profesional 7mm,,,27178.725908900073,27178.725908900073,VERDE
414,HERRAMIENTAS,HEAD,,,Corta cutículas profesional 3mm,2022-09-22,8.813612077567855,17418.193313058284,17418.193313058284,VERDE
415,HERRAMIENTAS,HEAD,,,Corta cutículas profesional 5mm,,,17418.193313058284,17418.193313058284,VERDE
416,HERRAMIENTAS,HEAD,,,Corta cutículas profesional 7mm,,,17418.193313058284,17418.193313058284,VERDE
421,HERRAMIENTAS,HEAD,,,Empujador de cutículas profesional angular-recto,2022-09-22,3.7410295868813197,8441.189710001956,8441.189710001956,VERDE
422,HERRAMIENTAS,HEAD,,,Empujador de cutículas profesional redondo-punta,2022-09-22,3.7410295868813197,8441.189710001956,8441.189710001956,VERDE
431,HERRAMIENTAS,HEAD,,,Tijera para Manicuría Profesional 21mm,,,14501.456007922854,14501.456007922854,VERDE
432,HERRAMIENTAS,HEAD,,,Tijera para Manicuría Profesional 18mm,,,14501.456007922854,14501.456007922854,VERDE
450MO,POLVO + MO,ACRILAB,,,STARDUST BLUE 5gr. + MO,2022-11-18,0.6611570247933884,975.206611570248,975.206611570248,VERDE
450ENV,ENVASE,DANO,,,ENVASE 8ML COLECCION TAPA NEGRA,2022-06-06,0.26,400.40000000000003,400.40000000000003,ROJO
450RES,RESINA,SERVIFIBRAS,,,RESINA PARA TAPA,2022-10-05,,6776.86,6776.86,ROJO
450ETF,ETIQUETA,DARACT,,,ETIQ FRENTE STARDUST BLUE 5gr.,2024-01-26,,96.53,96.53,AMARILLO
450ETD,ETIQUETA,DARACT,,,ETIQ DORSO STARDUST BLUE 5gr.,2024-01-26,,100.16,100.16,AMARILLO
450ETL,ETIQUETA,DARACT,,,ETIQ LATERAL STARDUST BLUE 5gr.,2024-01-26,,28.55,28.55,AMARILLO
451MO,POLVO + MO,ACRILAB,,,STARDUST GREEN 5gr.,2022-11-18,0.6611570247933884,975.206611570248,975.206611570248,VERDE
451ETF,ETIQUETA,DARACT,,,ETIQ FRENTE STARDUST GREEN 5gr.,2024-01-26,,96.53,96.53,AMARILLO
451ETD,ETIQUETA,DARACT,,,ETIQ DORSO STARDUST GREEN 5gr.,2024-01-26,,100.16,100.16,AMARILLO
451ETL,ETIQUETA,DARACT,,,ETIQ LATERAL STARDUST GREEN 5gr.,2024-01-26,,28.55,28.55,AMARILLO
452MO,POLVO + MO,ACRILAB,,,STARDUST PINK 5gr. + MO,2022-11-18,0.6611570247933884,975.206611570248,975.206611570248,VERDE
452ETF,ETIQUETA,DARACT,,,ETIQ FRENTE STARDUST PINK 5gr.,2024-01-26,,96.53,96.53,AMARILLO
452ETD,ETIQUETA,DARACT,,,ETIQ DORSO STARDUST PINK 5gr.,2024-01-26,,100.16,100.16,AMARILLO
452ETL,ETIQUETA,DARACT,,,ETIQ LATERAL STARDUST PINK 5gr.,2024-01-26,,28.55,28.55,AMARILLO
453MO,POLVO + MO,ACRILAB,,,STARDUST LILA 5gr. + MO,2022-11-18,0.6611570247933884,975.206611570248,975.206611570248,VERDE
453ETF,ETIQUETA,DARACT,,,ETIQ FRENTE STARDUST LILA 5gr.,2024-01-26,,96.53,96.53,AMARILLO
453ETD,ETIQUETA,DARACT,,,ETIQ DORSO STARDUST LILA 5gr.,2024-01-26,,100.16,100.16,AMARILLO
453ETL,ETIQUETA,DARACT,,,ETIQ LATERAL STARDUST LILA 5gr.,2024-01-26,,28.55,28.55,AMARILLO
454MO,POLVO + MO,ACRILAB,,,STARDUST SILVER 5gr. + MO,2022-11-18,0.6611570247933884,975.206611570248,975.206611570248,VERDE
454ETF,ETIQUETA,DARACT,,,ETIQ FRENTE STARDUST SILVER 5gr.,2024-01-26,,96.53,96.53,AMARILLO
454ETD,ETIQUETA,DARACT,,,ETIQ DORSO STARDUST SILVER 5gr.,2024-01-26,,100.16,100.16,AMARILLO
454ETL,ETIQUETA,DARACT,,,ETIQ LATERAL STARDUST SILVER 5gr.,2024-01-26,,28.55,28.55,AMARILLO
455MO,POLVO + MO,ACRILAB,,,STARDUST SUN 5gr. + MO,2022-11-18,0.6611570247933884,975.206611570248,975.206611570248,VERDE
455ETF,ETIQUETA,DARACT,,,ETIQ FRENTE STARDUST SUN 5gr.,2024-01-26,,96.53,96.53,AMARILLO
455ETD,ETIQUETA,DARACT,,,ETIQ DORSO STARDUST SUN 5gr.,2024-01-26,,100.16,100.16,AMARILLO
455ETL,ETIQUETA,DARACT,,,ETIQ LATERAL STARDUST SUN 5gr.,2024-01-26,,28.55,28.55,AMARILLO
456MO,ARMADO,NAIL SHOW,,,COLECCION POLIMERO x6 Unid. 5gr.,2022-09-07,4.226942148760331,6234.7396694214885,6234.7396694214885,CELESTE
456CAJA,CAJA,,,,CAJA DE COLECCIONES ESTAMPADA,,,,0,ROJO
457MO,POLVO + MO,ACRILAB,,,STARDUST COVER 14gr. + MO,2025-06-04,1.65,2433.75,2433.75,VERDE
457ENV,ENVASE,CHIBI,,,ENVASE NEGRO 14GR LOLITA,2023-02-01,,25.75,25.75,ROJO
457ETF,ETIQUETA,DARACT,,,ETIQ FRENTE STARDUST COVER 14gr.,2024-01-26,,159.16,159.16,AMARILLO
457ETD,ETIQUETA,DARACT,,,ETIQ DORSO STARDUST COVER 14gr.,2024-01-26,,82.5,82.5,AMARILLO
458MO,POLVO + MO,ACRILAB,,,STARDUST COVER 45gr. + MO,2025-06-04,3.3884297520661155,4997.93388429752,4997.93388429752,VERDE
458ENV,ENVASE,PLASMARE,,,ENVASE 45 GR NATURAL TAPA NEGRA,2024-01-03,,257,257,ROJO
458ETF,ETIQUETA,DARACT,,,ETIQ FRENTE STARDUST COVER 45gr.,2024-01-26,,234.3,234.3,AMARILLO
458ETD,ETIQUETA,DARACT,,,ETIQ DORSO STARDUST COVER 45gr.,2024-01-26,,133.98,133.98,AMARILLO
458ETL,ETIQUETA,DARACT,,,ETIQ LATERAL STARDUST COVER 45gr.,2024-01-26,,178.2,178.2,AMARILLO
459MO,POLVO + MO,ACRILAB,,,STARDUST COVER 125gr. + MO,2025-06-04,9.421487603305785,13896.694214876032,13896.694214876032,VERDE
459ENV,ENVASE,CHIBI,,,ENVASE PAMPA 125GR,2022-08-01,,49.05,49.05,ROJO
459ETF,ETIQUETA,DARACT,,,ETIQ FRENTE STARDUST COVER 125gr.,2024-01-26,,268.62,268.62,AMARILLO
459ETL,ETIQUETA,DARACT,,,ETIQ LATERAL STARDUST COVER 125gr.,2024-01-26,,349.8,349.8,AMARILLO
460MO,POLVO + MO,ACRILAB,,,STARDUST SOFT WHITE 14gr. + MO,2025-06-04,1.65,2433.75,2433.75,VERDE
460ETF,ETIQUETA,DARACT,,,ETIQ FRENTE STARDUST SOFT WHITE 14gr.,2024-01-26,,159.16,159.16,AMARILLO
460ETD,ETIQUETA,DARACT,,,ETIQ DORSO STARDUST SOFT WHITE 14gr.,2024-01-26,,82.5,82.5,AMARILLO
461MO,POLVO + MO,ACRILAB,,,STARDUST SOFT WHITE 45gr. + MO,2025-06-04,3.3884297520661155,4997.93388429752,4997.93388429752,VERDE
461ETF,ETIQUETA,DARACT,,,ETIQ FRENTE STARDUST SOFT WHITE 45gr.,2024-01-26,,234.3,234.3,AMARILLO
461ETD,ETIQUETA,DARACT,,,ETIQ DORSO STARDUST SOFT WHITE 45gr.,2024-01-26,,133.98,133.98,AMARILLO
461ETL,ETIQUETA,DARACT,,,ETIQ LATERAL STARDUST SOFT WHITE 45gr.,2024-01-26,,178.2,178.2,AMARILLO
462MO,POLVO + MO,ACRILAB,,,STARDUST SOFT WHITE 125gr. + MO,2025-06-04,9.421487603305785,13896.694214876032,13896.694214876032,VERDE
462ETF,ETIQUETA,DARACT,,,ETIQ FRENTE STARDUST SOFT WHITE 125gr.,2024-01-26,,268.62,268.62,AMARILLO
462ETL,ETIQUETA,DARACT,,,ETIQ LATERAL STARDUST SOFT WHITE 125gr.,2024-01-26,,349.8,349.8,AMARILLO
463MO,POLVO + MO,ACRILAB,,,STARDUST CLEAR 14gr. + MO,2025-06-04,1.65,2433.75,2433.75,VERDE
463ETF,ETIQUETA,DARACT,,,ETIQ FRENTE STARDUST CLEAR 14gr.,2024-01-26,,159.16,159.16,AMARILLO
463ETD,ETIQUETA,DARACT,,,ETIQ DORSO STARDUST CLEAR 14gr.,2024-01-26,,82.5,82.5,AMARILLO
464MO,POLVO + MO,ACRILAB,,,STARDUST CLEAR 45gr. + MO,2025-06-04,3.3884297520661155,4997.93388429752,4997.93388429752,VERDE
464ETF,ETIQUETA,DARACT,,,ETIQ FRENTE STARDUST CLEAR 45gr.,2024-01-26,,234.3,234.3,AMARILLO
464ETD,ETIQUETA,DARACT,,,ETIQ DORSO STARDUST CLEAR 45gr.,2024-01-26,,133.98,133.98,AMARILLO
464ETL,ETIQUETA,DARACT,,,ETIQ LATERAL STARDUST CLEAR 45gr.,2024-01-26,,178.2,178.2,AMARILLO
465MO,POLVO + MO,ACRILAB,,,STARDUST CLEAR 125gr. + MO,2025-06-04,9.421487603305785,13896.694214876032,13896.694214876032,VERDE
465ETF,ETIQUETA,DARACT,,,ETIQ FRENTE STARDUST CLEAR 125gr.,2024-01-26,,268.62,268.62,AMARILLO
465ETL,ETIQUETA,DARACT,,,ETIQ LATERAL STARDUST CLEAR 125gr.,2024-01-26,,349.8,349.8,AMARILLO
466MO,POLVO + MO,ACRILAB,,,POLVO ACRILICO PARA TIPS 14gr. + MO,2025-09-04,1.65,2433.75,2433.75,VERDE
377ET,ETIQUETA,DARACT,,,ETIQUETA FRENTE Y DORSO,2024-01-26,,45.45,45.45,AMARILLO
377MO,MO,SAN JOSE,,,MANO DE OBRA ENVASADO PREP,2025-07-11,,235.48,235.48,VERDE
502,,SUMMIT,,,Dappen dish porcelana blanco tapa corcho,2024-02-15,,2368.8808383077444,2368.8808383077444,VERDE
502EST,ESTAMPADO,TAMPOMAX,,,Estampado Laser,2025-05-06,,590,590,AMARILLO
502ET,,,,,Etiqueta Codigo,,,,,AMARILLO
503,,SUMMIT,,,Porta herramientas plegable tornasol,2024-02-16,,10454.26803060217,10454.26803060217,VERDE
504,,SUMMIT,,,Porta herramientas plegables negro,2024-02-17,,11219.214471865746,11219.214471865746,VERDE
505,,SUMMIT,,,Porta pinceles rosa tubo Matelasse,2024-02-18,,7496.4751243830215,7496.4751243830215,VERDE
506,,SUMMIT,,,Porta pinceles negro tubo,2024-02-19,,7496.4751243830215,7496.4751243830215,VERDE
507,,SUMMIT,,,Dappen dish flor con tapa diamante aurora,2024-02-20,,8291.082934077105,8291.082934077105,VERDE
507ET,,,,,Etiqueta Codigo,,,,,AMARILLO
508,,SUMMIT,,,Dappen dish flor con tapa diamante plata,2024-02-21,,8291.082934077105,8291.082934077105,VERDE
508ET,,,,,Etiqueta Codigo,,,,,AMARILLO
509,,SUMMIT,,,Dappen dish flor con tapa diamante negro,2024-02-22,,8291.082934077105,8291.082934077105,VERDE
509ET,,,,,Etiqueta Codigo,,,,,AMARILLO
510,TIPS,SUMMIT,,,nail tips clear natural oval-soft gel x  500 unid,2024-02-23,,4192.919083804707,4192.919083804707,VERDE
510ET,ETIQUETA,DARACT,,,Etiqueta Codigo,2024-08-20,,150,150,AMARILLO
511,TIPS,SUMMIT,,,nail tips clear natural coffin-soft gel x  500 unid,2024-02-25,,4192.919083804707,4192.919083804707,VERDE
511,TIPS,FOSHAN,,,nail tips clear natural coffin-soft gel x  500 unid,2024-08-15,,7128.607363372093,7128.607363372093,VERDE
511ET,ETIQUETA,DARACT,,,Etiqueta Codigo,2024-08-20,,150,150,AMARILLO
513,TIPS,SUMMIT,,,nail tips xxl x  500 unid,2024-02-27,,7248.775365221698,7248.775365221698,VERDE
513ET,ETIQUETA,DARACT,,,Etiqueta Codigo,2024-05-20,,98,98,AMARILLO
516,TIPS,FOSHAN,,,nail tips clear natural coffin-soft gel x  100 unid,2024-08-15,,697.6934866279071,697.6934866279071,VERDE
514MO,ADHESIVO,SUMMIT,,,,,,,848.712185710845,VERDE
514ET,,,,,,,,,,VERDE
516ET,,,,,,,,,,AMARILLO
516BOL,,,,,,2024-09-01,,850,850,ROJO
274MP,MICROPERLAS,SUMMIT,1,1,MICROPERLAS 1,2024-02-29,,114938.09827469176,114938.09827469176,VERDE
274ET,ETIQUETA,DARACT,1,,Etiqueta Carton,2024-03-15,,58,58,AMARILLO
274ETT,ETIQUETA,ELGART,1,680,Etiqueta Tamaño,2024-03-15,3.72,2752.8,4.048235294117648,AMARILLO
274ETC,ETIQUETA,ELGART,1,220,Etiqueta Codigo,2024-03-15,3.72,2752.8,12.512727272727274,AMARILLO
321TEL,,,,,Tela Toalla NAIL SHOW,2025-05-06,,233,233,SIN_COLOR
321TOALLA,TOALLA,PIGNATA ALEJANDRO EZEQUIEL,,,TELA TOALLA NUEVA 25x25,2026-05-08,,498.38,498.38,SIN_COLOR
321MO,MITA,,,,Mano de Obra Confección de TOALLA,2025-05-06,,800,800,SIN_COLOR
321ET,STIGMA,,,,Estampa Toalla NAIL SHOW MULTICOLOR,2025-04-02,,480,480,AMARILLO
321ETA,,,,,Estampa Toalla NAIL SHOW AMARILLO,,,,,AMARILLO
321ETC,,,,,stampa Toalla NAIL SHOW CELESTE,,,,,AMARILLO
321ETN,,,,,Estampa Toalla NAIL SHOW NARANJA,,,,,AMARILLO
550,MUEBLE,PALACIO GRAF,,1,Mueble exhibidor Nail Show,2024-09-01,,360000,360000,ROJO
550,,,,1,Porta Limas especial (Incluido en el mueble).,,,,0,ROJO
550,,,,55,Ganchos,,,419,419,ROJO
550,,,,3,Exhibidor Stardust,,,15000,15000,ROJO
550,,,,2,Estantes de Pigmentos,,,8800,8800,ROJO
550,,,,2,Frentes POP (zocalos),,,600,600,ROJO
550,,,,1,Tester para cremas especial,,,3800,3800,ROJO
550,,,,2,POP que aun no estan hechos,,,,0,ROJO
550,,,,,Muestrario de Fresas,,,,0,ROJO
406ET,,,,,,,,,,AMARILLO
406ENV,,,,,,,,,,ROJO
407ET,,,,,,,,,,AMARILLO
407ENV,PORTA CD,COSTA HNOS S.A.C.I.F.,,1,ENVASE PORTA CD,,,1050,1050,ROJO
MIX01,GLITTER,DONGGUAN,,,ALA DE ANGEL 1,2024-11-15,,46183.328077935956,46183.328077935956,VERDE
MIX02,GLITTER,DONGGUAN,,,ALA DE ANGEL 2,2024-11-15,,46183.328077935956,46183.328077935956,VERDE
MIX03,GLITTER,DONGGUAN,,,ALA DE ANGEL 3,2024-11-15,,46183.328077935956,46183.328077935956,VERDE
MIX04,GLITTER,DONGGUAN,,,ALA DE ANGEL 4,2024-11-15,,46183.328077935956,46183.328077935956,VERDE
MIX05,GLITTER,DONGGUAN,,,ALA DE ANGEL 5,2024-11-15,,46183.328077935956,46183.328077935956,VERDE
MIX06,GLITTER,DONGGUAN,,,ALA DE ANGEL 6,2024-11-15,,46183.328077935956,46183.328077935956,VERDE
MIX07,GLITTER,DONGGUAN,,,ALA DE ANGEL 7,2024-11-15,,46183.328077935956,46183.328077935956,VERDE
MIX08,GLITTER,DONGGUAN,,,ALA DE ANGEL 8,2024-11-15,,46183.328077935956,46183.328077935956,VERDE
MIX09,GLITTER,DONGGUAN,,,ALA DE ANGEL 9,2024-11-15,,46183.328077935956,46183.328077935956,VERDE
MIX10,GLITTER,DONGGUAN,,,ALA DE ANGEL 10,2024-11-15,,46183.328077935956,46183.328077935956,VERDE
MIX11,GLITTER,DONGGUAN,,,ALA DE ANGEL 11,2024-11-15,,46183.328077935956,46183.328077935956,VERDE
MIX12,GLITTER,DONGGUAN,,,ALA DE ANGEL 12,2024-11-15,,46183.328077935956,46183.328077935956,VERDE
399BOL,BOLSA,,,,,,,,250,VERDE
399ET,ETIQUETA,,,,,,,,100,AMARILLO
201MO,PINTURA + MO,ESCOS,,,ESMALTE + MO,2026-04-01,0.26,383.5,383.5,VERDE
192ENV,ENVASE,VG,,,ENVASE  C120 C/ TETON,,,455,455,VERDE
192ENVA,ENVASE,PLASMARE,,,ENVASE 120ml + PICO,2026-02-04,,307,307,VERDE
192MO,REMOV + MO,BIRDLAB,,,REMOVEDOR + MO 120ml.,2025-08-18,0.493,727.175,727.175,VERDE
192ET,ETIQUETA,VIP LABEL,,,ETIQUETA REMOVEDOR 120ml.,2025-11-07,0.06699999999999999,98.82499999999999,98.82499999999999,AMARILLO
192ALOE,ALOE VERA TINTURA,EUMA,,,ALOE VERA TINTURA,2025-08-25,66.53,98131.75,98131.75,AMARILLO
192ENM,4062026,EUMA,,,ENMASCARANTE 6394,2025-08-25,18.22,26874.5,26874.5,AMARILLO
192REM,v:06/29 P1,BIRDLAB,,,REMOVEDOR MATERIA PRIMA x LITRO,2026-02-09,3.5,5162.5,5162.5,AMARILLO
192SELLO,SELLO INDUCCIÓN,MALLOL HNOS,,,"SELLO INDUCCIÓN 23,3mm PEAD",2026-02-09,,50.4,50.4,AMARILLO
195MO,REMOV + MO,BIRDLAB,,,REMOVEDOR + MO 1l.,2025-08-18,3.25,4793.75,4793.75,VERDE
195ET,ETIQUETA,VIP LABEL,,,ETIQUETA REMOVEDOR 1L,2025-11-07,0.06699999999999999,98.82499999999999,98.82499999999999,AMARILLO
195SELLO,SELLO INDUCCIÓN,MALLOL HNOS,,,"SELLO INDUCCIÓN 35,3mm PEAD",2026-02-09,,116.22,116.22,AMARILLO
198DEL,DELANTAL,,,,DELANTAL,,,,9900,VERDE
198ACNS,ACRILICO,,,,ACRILICO NAIL SHOW,,,,1710,ROJO
198ACE,ACRILICO,,,,ACRILICO SOCIO-EDUCADOR,,,,2800,ROJO
199GOR,GORRA,,,,GORRA,,,,,VERDE
199RE,REMACHE,,,,REMACHE PARA GORRA Y DELANTAL,,,,19,ROJO
